"WT180-WT0.logFC","WT180-WT0.AveExpr","WT180-WT0.t","WT180-WT0.P.Value","WT180-WT0.adj.P.Val","WT180-WT0.B","WT45-WT0.logFC","WT45-WT0.AveExpr","WT45-WT0.t","WT45-WT0.P.Value","WT45-WT0.adj.P.Val","WT45-WT0.B","WT90-WT0.logFC","WT90-WT0.AveExpr","WT90-WT0.t","WT90-WT0.P.Value","WT90-WT0.adj.P.Val","WT90-WT0.B"
0.0971845684938248,7.1145404405927,0.596110288934553,0.556630460104019,0.876818253265248,-6.75882391958412,0.00816361324405701,7.1145404405927,0.0500436499442241,0.960497894529118,0.983162575312101,-6.56536312573052,0.201644747575767,7.1145404405927,1.23723453186492,0.227857978516494,0.531876004140733,-5.99687707871459
0.0306336027583898,6.30081679890069,0.208186530412271,0.836823541735664,0.962395064142638,-6.90160058627673,0.200694343148514,6.30081679890069,1.36733810918987,0.184071810829708,0.459968867456678,-5.63472367040825,0.102005374551872,6.30081679890069,0.694248213478695,0.494130434382837,0.752588304641141,-6.49845980051903
0.0120728765470561,6.1172294771266,0.0633819567084335,0.949982389263418,0.986645913848565,-6.91742342887495,0.00246651612197635,6.1172294771266,0.0129375369166884,0.989783574581861,0.995193350587947,-6.54520415781167,-0.345835767317106,6.1172294771266,-1.80054045565317,0.0842387515472949,0.345635735809384,-5.16892845013194
0.100740506882318,5.19961923387636,0.666575221856704,0.511341860701966,0.858537580186216,-6.64392637503689,0.247948958810633,5.19961923387636,1.64821208737659,0.112218386169031,0.380319677632852,-5.19305490399893,0.289867718105725,5.19961923387636,1.93250413247783,0.0650698733967196,0.308133095495121,-4.91724922583473
0.0192385338174512,7.07888059868299,0.109540034276552,0.913676433369132,0.979131780414915,-6.9346418816139,0.130388810344646,7.07888059868299,0.742578206991387,0.464876490913294,0.701649565953914,-6.2891852815682,-0.390569814655076,7.07888059868299,-2.21598834965537,0.036330900831327,0.248452107808365,-4.46138058754909
-0.0146729811059494,9.51252821612104,-0.056837784112242,0.955140575338821,0.987975657039081,-6.91092321305991,-0.026659971107053,9.51252821612104,-0.103320151793952,0.918559366881788,0.964623403345113,-6.53435473445391,-0.777950647501699,9.51252821612104,-3.03598299569376,0.00565870675817699,0.130952205918131,-2.73722779405253
-0.0415925467916729,4.94339628251616,-0.237404009892496,0.814339443790943,0.958043019352011,-6.82408375846261,0.249058207860206,4.94339628251616,1.43863205759403,0.163048835759598,0.435588452803481,-5.48239276643795,-0.168311584371943,4.94339628251616,-0.954868502365119,0.349075226221974,0.648554872099725,-6.20710297064285
-0.150726477147362,4.78184391514817,-0.99292552516999,0.330560079461747,0.766766194018836,-6.34583654991372,0.162326448332903,4.78184391514817,1.08447224497883,0.288829571171249,0.560745098266981,-5.90058853015964,-0.132901739459524,4.78184391514817,-0.876689351187707,0.38926558009953,0.678343030638233,-6.27554003721661
0.111015994759627,4.78152189085685,0.562030896726169,0.579258052623223,0.887503155012132,-6.67907341159215,0.538687537595687,4.78152189085685,2.77710891425366,0.0104172766101569,0.215354595982092,-3.09108579273775,-0.0655047465668002,4.78152189085685,-0.328589180692833,0.745289480275199,0.891633889579067,-6.59493202687629
0.0477009020759525,5.5966385891209,0.259612620906189,0.797355959809943,0.953394330603711,-6.86836933008192,-0.37354917328753,5.5966385891209,-2.00246523146754,0.0565480722167901,0.307810212585868,-4.627977344969,-0.298702549963638,5.5966385891209,-1.60806501326585,0.120776113962809,0.402301000279969,-5.45091693983949
-0.0131296020994589,2.65630681040091,-0.0541285019904089,0.957276658062659,0.988219156176083,-6.51417322290272,0.328260674209647,2.65630681040091,1.4075675970388,0.171960450924241,0.446139355169304,-5.23777850433732,0.174348315546693,2.65630681040091,0.737199811173116,0.468080616879627,0.734557588620512,-6.08945843889178
0.0579877374596069,8.44179331153545,0.384799861397829,0.703742916231139,0.924410501954634,-6.85345885423855,-0.104980390906391,8.44179331153545,-0.697790945105228,0.491951011901859,0.720680570883803,-6.31178607402454,-0.119177997411215,8.44179331153545,-0.791999285711959,0.436047478217431,0.712751996505896,-6.4311134545698
-0.194231475975465,6.23860288259017,-1.75267957769931,0.0923045941313155,0.512406335051036,-5.42859631036802,0.120584667493327,6.23860288259017,1.09434809862951,0.284563283563904,0.557052559271849,-5.95519384995832,0.0290395044451301,6.23860288259017,0.263278493428885,0.794562107786335,0.91660351742013,-6.70631481998623
0.335341826437487,4.19173861427599,2.04168980137949,0.0522150784261996,0.417615142828679,-4.79556079491902,0.67862227812521,4.19173861427599,4.2160411858081,0.000299847713899852,0.0806979041871583,0.283174793511336,0.335768596114628,4.19173861427599,2.04527542850223,0.0518340888797948,0.282453998383974,-4.62071870684502
0.118060408263987,6.19247227600109,0.442343776738284,0.662164214869594,0.911981855070111,-6.81657204321487,0.426316527660286,6.19247227600109,1.60591972357338,0.121248291257373,0.390238400806478,-5.30001200821053,0.132416711224759,6.19247227600109,0.496351461406674,0.624119845146829,0.832293421684609,-6.60981150240344
-0.133686841564053,8.0155428394138,-1.03974943056152,0.308721953896855,0.750276949161035,-6.39019345742935,0.132335766357775,8.0155428394138,1.02722309864879,0.314462453226244,0.583944270748945,-6.03324685373391,-0.06454866462418,8.0155428394138,-0.501710703448509,0.620399855132269,0.830520688129761,-6.62447423197755
-0.0158572867126416,8.07308639189313,-0.121792321070309,0.904068054103721,0.977307373325174,-6.92778836325011,-0.0195156722431129,8.07308639189313,-0.149935544774172,0.882056685552852,0.94723489330818,-6.5507609111061,0.175174372673132,8.07308639189313,1.34320012307598,0.191654994489548,0.492540997069352,-5.85846163485733
0.000859057466664481,6.22696040398561,0.00473546411942859,0.996260437101939,0.998358583335241,-6.92087336784087,0.318805699884922,6.22696040398561,1.76664685676206,0.0898851935850152,0.354876804773438,-5.0565769973192,-0.0389995696790875,6.22696040398561,-0.214827689405697,0.831699681057116,0.934328084535704,-6.71465893335175
-0.127804291309302,6.90537508088835,-1.11768938211108,0.27466069428057,0.723233568012875,-6.30974894796219,0.12001845141535,6.90537508088835,1.05155473624975,0.30337965824227,0.574689334363258,-6.01444479444387,-0.10041871593305,6.90537508088835,-0.878513036560613,0.388295127461181,0.678095298360435,-6.36614890008438
0.269236064982365,4.90794546121546,1.69284866895146,0.103306203514898,0.533907914538412,-5.47083310747875,-0.0667073463221959,4.90794546121546,-0.412288205682498,0.683753530868364,0.839982253939978,-6.38945579729508,-0.242656919763794,4.90794546121546,-1.48861316455849,0.149491413168505,0.440476361884135,-5.57385036065318
0.0668871163086653,5.64655609721355,0.455285559727825,0.65295773519936,0.908407656287385,-6.79043860092242,0.44662864253003,5.64655609721355,3.06865836939851,0.00523277031936697,0.197900365133313,-2.49243106153878,0.16559811160746,5.64655609721355,1.13069283824281,0.26925359391344,0.576382748614528,-6.07901308760919
0.000828247880672706,6.73956218794374,0.0052385416390323,0.995863163905282,0.998358583335241,-6.93574348446209,0.154363068071805,6.73956218794374,0.977604805892079,0.337931088873189,0.603483965912271,-6.08522903937349,-0.122205012747708,6.73956218794374,-0.7716905473461,0.447759677773033,0.721045014906582,-6.45011964086592
0.0376648197438527,5.98320884031711,0.161189735986836,0.873280558888341,0.971366440860877,-6.89985294210843,0.379222138839233,5.98320884031711,1.63348398975401,0.115296964618937,0.384182804498119,-5.25646559281313,-0.513018956762463,5.98320884031711,-2.16108506467248,0.0407872210321754,0.258517480897359,-4.52726880895607
0.223161442401905,4.98053125275411,1.3739428793298,0.182038517252651,0.640193393183537,-5.92500703581662,0.547225776270158,4.98053125275411,3.4079634734294,0.00229063646834084,0.17457672125987,-1.69293865900047,0.0616352402092017,4.98053125275411,0.376798613128496,0.709603308550642,0.872679883442122,-6.59976165100695
-0.241832651022449,6.44214741885855,-2.10678489632499,0.0456726990953443,0.395331349584657,-4.82632707005351,0.0605460294191937,6.44214741885855,0.529966132638092,0.600959062189265,0.791343258303956,-6.41521309802398,-0.108960652727349,6.44214741885855,-0.951673287331441,0.350661024210867,0.64968102784622,-6.29057259881638
0.273199236224293,5.84858872964736,1.68928930505515,0.103994259890192,0.535939212405731,-5.51867137716919,0.311978032353685,5.84858872964736,1.9293790571127,0.0654755330290892,0.319421255962321,-4.77269138205594,0.293774118060546,5.84858872964736,1.81768799489852,0.0815001187022914,0.340161178948995,-5.13913051772174
0.12624781781959,6.09030398055786,0.757986664910597,0.455769162391068,0.83662676886763,-6.62261944490583,0.380246786407077,6.09030398055786,2.2932675232244,0.0308042604441359,0.261169521906671,-4.12370439575764,0.12713015293046,6.09030398055786,0.763403570417507,0.452592954079374,0.724637369355023,-6.4380831113681
0.0631298115020096,7.9083493899894,0.259525499470333,0.797422390956014,0.953394330603711,-6.90194043970865,0.292308490655442,7.9083493899894,1.19968636912369,0.241862020502844,0.518069064499422,-5.84825521637453,-0.143420332228992,7.9083493899894,-0.590532115396538,0.560302664874091,0.794737324674523,-6.57842456131878
0.0621981754798711,5.20127428520937,0.373502008818614,0.712023203410511,0.926276112069517,-6.80930276315278,-0.0217590512464119,5.20127428520937,-0.130057907057041,0.897594420970435,0.955168757411095,-6.49491636171215,-0.141195595994322,5.20127428520937,-0.841173860149071,0.408476452123219,0.694070884918361,-6.33392696336057
0.225277659937267,5.05595006071867,1.58457939597294,0.126029319836777,0.574938653148012,-5.64026638225115,0.286747903672146,5.05595006071867,2.01932655975359,0.0546478983571802,0.303783689397591,-4.58361972371472,-0.0808836296702395,5.05595006071867,-0.561471955575169,0.579632969022017,0.806382437283497,-6.51520957499611
-0.0896411415156191,6.60906880139487,-0.381057551926374,0.706481612675771,0.92505790008693,-6.86051350490557,-0.319389077771703,6.60906880139487,-1.35222731887968,0.188790887517609,0.464639791412941,-5.65872430719263,-0.794057017975264,6.60906880139487,-3.33230411467503,0.00275930438103228,0.103540472643923,-2.06039451048004
0.274136341721702,1.84492161050232,1.14495191808444,0.263414099953033,0.713011406033567,-5.7185677945007,0.331519133425394,1.84492161050232,1.38963752437296,0.1772779195467,0.452552257996169,-5.09684563021862,-0.271990061861265,1.84492161050232,-1.04230901138533,0.307558078526361,0.612389700410774,-5.57802911335736
-0.16337797664783,7.41245050520255,-1.24370941778314,0.225506377896022,0.682535951159382,-6.16813668302068,0.025005831386288,7.41245050520255,0.190326230204201,0.850639247780644,0.933297197793583,-6.54922886822022,-0.256311627929475,7.41245050520255,-1.95066652993389,0.062755584942407,0.302195797206097,-4.94525383204735
-0.172949163822305,6.84037883045752,-1.37315575265898,0.182279902950789,0.640512303699898,-5.99874453389927,-0.0609608216264883,6.84037883045752,-0.484539197996841,0.632354998428817,0.811767087021112,-6.44332451454502,-0.170743293787724,6.84037883045752,-1.35580463333213,0.187665214886413,0.488245357669932,-5.8435122447714
-0.0610103268571871,7.04368913461646,-0.381742947840864,0.705979722735077,0.92505790008693,-6.86576360546506,-0.170207981044987,7.04368913461646,-1.06392911428735,0.29785029254557,0.569464669874781,-6.00162684228826,-0.462158421788937,7.04368913461646,-2.88073625356269,0.00817721293164489,0.148609612085247,-3.09690688929523
0.232414532179324,4.73235949329993,1.22782239873508,0.231309400801945,0.688824733778545,-6.09094078716982,0.381113313652265,4.73235949329993,2.02456968142757,0.0540686702361099,0.303155858233559,-4.55443965821199,0.143703873671042,4.73235949329993,0.756092517987268,0.456882935972713,0.728007323973792,-6.36876417450605
0.211649227573221,3.69544525234249,1.15925596765018,0.257650049179507,0.709037713449303,-6.03945180733746,0.347250177736138,3.69544525234249,1.92047413145705,0.0666436362243489,0.321359939128823,-4.61907540072944,0.246312134722126,3.69544525234249,1.35439546602987,0.188108007192635,0.488410935754191,-5.63247267876419
0.151217093659674,5.00172991422045,0.922442446401603,0.36539336315529,0.789531236659605,-6.43015847576387,0.16731396087091,5.00172991422045,1.01990743823627,0.317849337746659,0.587100206592805,-5.96946514205445,-0.120749548636692,5.00172991422045,-0.72724657667961,0.47404432451013,0.738846702093728,-6.39863322170054
0.181569142631083,6.09755863119296,1.26154026862091,0.219125669408263,0.677036756931069,-6.12032189340001,0.436439606649888,6.09755863119296,3.04600959872097,0.00552459336248436,0.197900365133313,-2.55346414460778,0.302606760905491,6.09755863119296,2.10815422663259,0.0455433192512047,0.270155534154187,-4.64311645269571
0.222530022222093,5.84922812480347,1.17396135473788,0.251821766603032,0.704072845458486,-6.21872315545755,0.29238299929525,5.84922812480347,1.54386027355902,0.135584652890621,0.406949971181205,-5.3791059684288,-0.0196579833768782,5.84922812480347,-0.103075803606683,0.918751260972416,0.971966645305116,-6.71632629182198
0.191780165501057,4.22314567417511,0.877884613963242,0.388629358120102,0.80163389080595,-6.40284711292173,0.566627906680642,4.22314567417511,2.64778158008053,0.0140289506732703,0.229508241118745,-3.32597033372433,-0.396777951670127,4.22314567417511,-1.72923938361523,0.0964897497058986,0.365475130167877,-5.12580419074851
0.183395996332286,7.46059177634476,1.20499234780034,0.239844875489736,0.696436678420046,-6.21408711755136,0.121379114909713,7.46059177634476,0.79760968570606,0.432845287599382,0.676895285458564,-6.24735818647507,0.475040734407425,7.46059177634476,3.11589025722262,0.0046710504501305,0.122978942376352,-2.57363249578917
-1.70987511254063,-2.03244442354076,-1.52753791057395,0.139578410730575,0.590115928957349,-4.5078950649769,-0.823772207742304,-2.03244442354076,-0.793259864770032,0.435326728503915,0.678747274471344,-4.98723374598587,-1.02183822722373,-2.03244442354076,-0.962029701349736,0.345538702882122,0.646295234103717,-4.97900908170911
0.263413747975067,5.95503380664888,1.87073198061517,0.0735094123497229,0.471787941408127,-5.23137120640643,0.309225283331701,5.95503380664888,2.19671626253689,0.0378423729062244,0.27498160272308,-4.30258224464249,-0.0629395552831529,5.95503380664888,-0.443657915438879,0.661226855992197,0.850449820707764,-6.62587418203226
-0.0517555846440532,5.13716663490239,-0.368155087562252,0.715954700741445,0.927588998050432,-6.79452252406035,0.192788997914369,5.13716663490239,1.38388330651539,0.179011760738517,0.454503479876463,-5.5627247728958,0.0201350979436272,5.13716663490239,0.143739369596133,0.886895176380422,0.959005434912162,-6.6754664354552
0.047453991724602,6.04038979921708,0.340996221261414,0.736045898018744,0.934011637360447,-6.85523722221744,0.143828919826857,6.04038979921708,1.03494730207754,0.310913887664599,0.581254966871128,-6.0087466299778,0.117040737458794,6.04038979921708,0.842396208048395,0.407805438756823,0.693771118140239,-6.37578200585484
-0.17500250063626,7.31019549155458,-1.00064298881634,0.326889277223558,0.764205622395004,-6.43534227661222,-0.266907960747893,7.31019549155458,-1.52564378594297,0.140048035625263,0.411102426634856,-5.43384011502132,-0.502705900182339,7.31019549155458,-2.87021175922528,0.00838193815275296,0.14987616868674,-3.12263719731682
0.145387182271371,3.13070194773932,0.837856352609745,0.410301132050762,0.81510631456248,-6.26967970356784,-0.0081306115570916,3.13070194773932,-0.0458221708053096,0.96382759231485,0.984627189590308,-6.23209061274837,0.179338085181878,3.13070194773932,1.03816511653237,0.309443911495462,0.613290271356686,-5.91267460121959
-0.144698323755401,7.64990756816808,-1.08300545408023,0.289467100921897,0.733535375361453,-6.34958358347133,0.153062390166217,7.64990756816808,1.14369778646367,0.263923948519641,0.538060871151723,-5.91509455580298,0.148303781569065,7.64990756816808,1.10785857553776,0.278800553058861,0.586303524580785,-6.14161351442842
0.0833136632334668,5.49150441827413,0.531860731022615,0.599666023293493,0.894133357471403,-6.74599360847715,0.231980474271845,5.49150441827413,1.48634912418372,0.150085152400717,0.423120760395658,-5.44511790121937,0.117272354192466,5.49150441827413,0.749599401726711,0.460713255111713,0.730424673811532,-6.42550727597554
0.0846338059793474,8.25127687660632,0.613923067521462,0.544988108701007,0.872761673140687,-6.73906296660598,0.142899603961512,8.25127687660632,1.03634872504127,0.310273082536745,0.581082307797232,-6.02215598762933,0.10073410597084,8.25127687660632,0.730574868794171,0.472045176337956,0.737476153848848,-6.47873525184464
-0.0596714924881541,6.41171191735154,-0.427014710940372,0.673139488413807,0.914445334185629,-6.83349626800039,0.17155258289425,6.41171191735154,1.23172565676175,0.229873317102096,0.506386570878071,-5.80648208841108,-0.0247994517711305,6.41171191735154,-0.177594691429943,0.860517756685481,0.947776018030321,-6.72982638397614
-0.13136478486056,8.21829912324902,-1.11025651661954,0.277786616193151,0.724788670221736,-6.31323757828825,0.142727039875625,8.21829912324902,1.2038377264433,0.240282745391834,0.516278705849264,-5.83983985312518,-0.106358262637485,8.21829912324902,-0.898672554639657,0.377672036644379,0.671071047024745,-6.34310337321894
-0.0530577117618414,7.89948078767599,-0.382885615546661,0.705143291916065,0.924726651011352,-6.86169896822272,0.0605108757983963,7.89948078767599,0.436373303831159,0.666429949273269,0.829529398932198,-6.46608822753473,0.0906638343432471,7.89948078767599,0.653445157913769,0.519623258354561,0.768471171841478,-6.53652765400274
-0.0288504942393599,7.18196222313416,-0.176467788105026,0.861393274323261,0.968181392677256,-6.92423161446648,0.429628389666323,7.18196222313416,2.62947268912857,0.0146264772539388,0.231089865824252,-3.47006365703268,0.0604524401108106,7.18196222313416,0.36995086978605,0.714633394027377,0.875779198765721,-6.68873747541768
0.0518767212572957,12.2666994135918,0.29335428152294,0.771749499502295,0.947123414648442,-6.81124339521865,-0.0826350069174033,12.2666994135918,-0.468494612037738,0.643618711923993,0.817775025388301,-6.37425027163883,0.271170661590995,12.2666994135918,1.52797628930915,0.139469903857558,0.425912190115966,-5.52907998272594
0.273458578334598,8.0968396795321,1.54629497485587,0.134997044783884,0.585820260329708,-5.75872184145825,0.114541164305692,8.0968396795321,0.648725760782125,0.522617758909891,0.741864025223427,-6.34949981636142,0.410666383559539,8.0968396795321,2.31934075928334,0.0291199784274032,0.228345252476846,-4.25946372556325
0.0138873787400478,5.98954090312717,0.0785334075232503,0.938048787012454,0.984521697155329,-6.91169772812389,0.178255690762703,5.98954090312717,1.01090624685947,0.322051312699758,0.589615989854571,-6.03401824144419,-0.145062834261599,5.98954090312717,-0.81731073614272,0.421715825071032,0.702784242165726,-6.39120791756624
0.336690349512045,5.13853835316545,1.6840344316662,0.105017142329906,0.537399341366381,-5.49141512977557,0.389797901443429,5.13853835316545,1.95113260739957,0.062697159941205,0.316051968583258,-4.70303406247215,0.395670650165049,5.13853835316545,1.98369585984766,0.0587317755434299,0.293921795445133,-4.82526259737359
0.106099443374641,8.1141533638039,0.6842168234773,0.500331239336127,0.85374253350264,-6.6952588161012,0.373408641947151,8.1141533638039,2.40328510419784,0.0242535210428538,0.244641106916976,-3.92099032220107,0.139796162059387,8.1141533638039,0.90121738726223,0.37634468249739,0.670604885472067,-6.34190171156389
-0.276717689621884,4.93519415919021,-1.77645540496025,0.0882187617023405,0.502654165868827,-5.3246550467308,0.192462512988735,4.93519415919021,1.26097217390363,0.21932681386023,0.496182532040897,-5.71504764745021,-0.0441449228821389,4.93519415919021,-0.286761040249596,0.776733381566018,0.907708767634202,-6.63911963874368
0.213942372195741,7.28781419311031,1.1620922235858,0.25651826012195,0.708031520673621,-6.26347213486306,0.425812674608787,7.28781419311031,2.31203348989825,0.0295833212798689,0.25929181374754,-4.10621993802889,0.204030033611448,7.28781419311031,1.10825541681083,0.278632569575784,0.586303524580785,-6.14395381797395
0.193277516499355,7.85013223003911,1.20634147272586,0.239334001190842,0.696436678420046,-6.20746961354973,0.141685217804129,7.85013223003911,0.884948523670115,0.384883089663184,0.641751484864049,-6.17009246500454,0.129265824607148,7.85013223003911,0.807202307171881,0.427403826777812,0.707536144727411,-6.42456246638617
-0.14996851327382,5.22082923494593,-1.00736195359889,0.323716403492788,0.7619400228153,-6.36236369204768,0.164647193487775,5.22082923494593,1.11812536508227,0.274478135547127,0.548994046780402,-5.8916672395993,-0.0268863462164228,5.22082923494593,-0.181555110424459,0.857442266959876,0.946675571394417,-6.68105704223185
-0.044343106936954,6.49890352873517,-0.289631321073545,0.774562499022277,0.948031964905412,-6.88508574092414,0.330964691578978,6.49890352873517,2.17282282091043,0.0397950639499075,0.278406683197879,-4.36238619732061,0.142075504571368,6.49890352873517,0.930852443797095,0.36111318263363,0.659801091678972,-6.312265526572
0.03703382431706,7.72979459369128,0.214592676510341,0.831880872551089,0.961194364543615,-6.91503351760418,0.299312951723232,7.72979459369128,1.73115941680602,0.0961409694290037,0.363051168091682,-5.12273750810464,-0.211418782562649,7.72979459369128,-1.22684482632419,0.231670126930373,0.53663722580158,-6.00836837173905
-0.0789341108259034,7.93371428611527,-0.608157792774066,0.548742164916401,0.874649058267485,-6.7468956203856,0.0618786599258101,7.93371428611527,0.476318474732812,0.638115061549013,0.814838427255682,-6.44655886830324,-0.0896766136941149,7.93371428611527,-0.690950345223163,0.496164146350601,0.753658052403823,-6.51151271072697
-0.101068300320465,7.26919969420384,-0.797539602519152,0.432885198856208,0.826850727795422,-6.61762162475318,-0.0915911008566219,7.26919969420384,-0.722705900135806,0.47677965524206,0.709357066867013,-6.30406664804017,-0.42987323675083,7.26919969420384,-3.38686291193459,0.00241293736338511,0.0979880140450857,-1.94742574406684
-0.451329714854141,5.82312112271661,-3.71269296872135,0.00107265297498507,0.0427092210560492,-1.29145159058285,-0.0571977085647681,5.82312112271661,-0.475437617406618,0.638733645333717,0.815063567214282,-6.42407224256045,-0.335068900579282,5.82312112271661,-2.76711768582591,0.0106615566854008,0.166071171820932,-3.31603699157795
-0.0452153804481847,5.54073421713761,-0.353433139615556,0.726820640806694,0.931566920597967,-6.82438639616644,0.295137823082257,5.54073421713761,2.32972308887188,0.0284730555036331,0.255589200515318,-4.03476170951126,0.207243355320601,5.54073421713761,1.63368704357839,0.11525404559753,0.394578809109283,-5.41700331493857
-0.141984887005655,9.76291727048404,-1.08341122518818,0.289290634824307,0.733535375361453,-6.31867383052113,0.0615587037843461,9.76291727048404,0.46879776208405,0.643405072695164,0.817775025388301,-6.42278755611121,-0.170346665100011,9.76291727048404,-1.30014766574476,0.205783640054777,0.510437556053264,-5.88954425410445
0.0538416289076862,5.49746414863073,0.348281963638304,0.730636585305422,0.932017543380691,-6.82382720286673,0.473250919495842,5.49746414863073,3.09811752480872,0.0048752625135585,0.196099080209653,-2.42013046569045,0.212010028916644,5.49746414863073,1.37899129216317,0.180496322443446,0.481312486985431,-5.77119520046781
0.0216988286643929,7.35111952831103,0.129866494248822,0.897744255969935,0.975955495003217,-6.93280037534309,0.30310786997653,7.35111952831103,1.81274595521559,0.0822814298039704,0.344662662178497,-4.99595475844004,-0.00767992780271332,7.35111952831103,-0.0459653627388801,0.963714638132885,0.987809959972121,-6.75850797527734
-0.0975837698355511,5.53873097684339,-0.63435486885189,0.53179394591051,0.867500439546239,-6.68405350742522,0.32983099298367,5.53873097684339,2.17041657451996,0.0399966663338084,0.278406683197879,-4.33870836912201,-0.0450350196314746,5.53873097684339,-0.293379201103453,0.771730681424687,0.905430047077175,-6.66601672307877
0.0873585695717694,5.93369163626771,0.460960365276892,0.648938349591515,0.90684899237132,-6.80104435305623,-0.220506189160567,5.93369163626771,-1.15251111153936,0.260356316297927,0.534307699008125,-5.86878839834724,0.390947601169803,5.93369163626771,2.07699290812909,0.0485701702819622,0.277792319837763,-4.69910117375462
0.218724678093474,6.70956309939315,0.975033022497909,0.339179329822232,0.771884128668112,-6.45381117775655,-0.0468844390618299,6.70956309939315,-0.208124542203086,0.836871402625201,0.926577182260555,-6.53501321205289,0.412155934138678,6.70956309939315,1.84082175924849,0.0779273082380437,0.333387568626285,-5.12687004848315
-0.0618696755109696,4.81277759852034,-0.328960574583964,0.74501220687246,0.936509406824164,-6.79249748804443,-0.287476943314367,4.81277759852034,-1.50679957487555,0.144790899848267,0.41700782309176,-5.3599323871862,0.0959397279751499,4.81277759852034,0.514257229786214,0.611731378663552,0.825928291166611,-6.53975165737005
0.0334974088156361,8.61871013205294,0.18198121206108,0.85711151100354,0.967203653629797,-6.90990455134127,-0.101343699352586,8.61871013205294,-0.551367580472551,0.586431379761202,0.782824216227569,-6.40082945079611,0.201247082790587,8.61871013205294,1.09162328405649,0.285735830589474,0.591706871752183,-6.14637551304926
-0.141247402298181,7.71658579589275,-1.06769072331865,0.296183723013084,0.740816431497456,-6.36485193352692,0.00456288412481776,7.71658579589275,0.0344637832084037,0.972789694381709,0.98815633105818,-6.5644423818278,-0.106976444802221,7.71658579589275,-0.80844200210952,0.42670370604098,0.70698361151419,-6.4259365147155
0.161895268232445,6.01049103337046,1.09372764987328,0.284829971492755,0.730840794079294,-6.31148499456845,0.338181522826983,6.01049103337046,2.29167138678823,0.0309101999064933,0.261169521906671,-4.12374657989596,0.191335563692363,6.01049103337046,1.29361079886781,0.2079975301103,0.513025287018322,-5.90195485143152
-0.253447809597464,4.13188810694805,-1.53574179226862,0.137559210399825,0.587489189396416,-5.62124000811191,-0.121879765286844,4.13188810694805,-0.74450323848733,0.463732830233239,0.700782907536619,-6.13595480826416,-0.390175797839834,4.13188810694805,-2.3367861141687,0.0280405029824095,0.226647736286628,-4.07400895869564
-0.0217993775560732,9.25025442802729,-0.153744470491457,0.879084666114745,0.973187331843782,-6.90649954667078,0.0148596457116525,9.25025442802729,0.104795990708343,0.91740045314937,0.963966203663581,-6.53971507976112,-0.0471276367278026,9.25025442802729,-0.332439164116928,0.742416888239796,0.890360567334479,-6.68041347446074
0.279225370756779,7.41383029965169,1.61927115449914,0.118334442446849,0.561067516299045,-5.65735294658113,0.234709207653982,7.41383029965169,1.36149531598914,0.18588538721711,0.461937828019983,-5.65645555854788,0.306515360040152,7.41383029965169,1.77723109462819,0.0880881116246529,0.351023999517708,-5.23486519921336
-0.105083367112142,8.0219796787008,-0.743428532258289,0.464371107428323,0.839239266324926,-6.65305431067363,-0.0419509187028577,8.0219796787008,-0.296711095889874,0.769215883410227,0.892251132061684,-6.51629601824867,-0.111070125378229,8.0219796787008,-0.7857804515878,0.439613851591895,0.715202967109035,-6.43984335535265
0.066181560518638,4.26385026960967,0.45299666111902,0.65458197437133,0.908976929956377,-6.69099048237848,0.210154554766627,4.26385026960967,1.44961316176375,0.159988569940237,0.432982101851296,-5.41032947643079,0.0486260237920915,4.26385026960967,0.332562093534853,0.742325229325652,0.890360567334479,-6.55758524248858
0.181004041373295,5.25195864775168,0.962710500419529,0.345203761160621,0.77520944786891,-6.4010605689994,0.432849383556889,5.25195864775168,2.32143717881737,0.0289882776036178,0.256964881652364,-4.03284271725205,0.50962146807598,5.25195864775168,2.74376870107078,0.011253680992263,0.169658640466537,-3.34484890790592
-0.00251181375071319,7.94861147657099,-0.0175428128315363,0.986147249337107,0.996179094210068,-6.93605671338586,0.262592545543951,7.94861147657099,1.83039137550482,0.0795210758613391,0.34048794442466,-4.96117745592492,-0.0515114970191242,7.94861147657099,-0.359891032119571,0.722046860685086,0.879589859709669,-6.68829971989899
0.125571563462382,6.01285266938712,0.805277856458435,0.428492072994424,0.824913935200419,-6.58517366410011,0.241657346150053,6.01285266938712,1.55248919523812,0.133511512038369,0.404824286345423,-5.3727213632703,0.0231280357357466,6.01285266938712,0.147991361183486,0.88357437207648,0.957996594254512,-6.71985900876514
0.305617190996235,2.95312490983864,1.32875232774024,0.1963094572206,0.652278819662188,-5.73709604747551,0.175798035098815,2.95312490983864,0.749935868387891,0.460514304087596,0.698079061139966,-5.94283988411299,-0.265545750606935,2.95312490983864,-1.07521494749282,0.292870066679978,0.598128257315925,-5.78843493812914
0.19307686101449,6.13879682848539,1.22706932411907,0.231587249273902,0.688824733778545,-6.16736733500689,0.102993621979643,6.13879682848539,0.652924040746484,0.519953449251382,0.739929868246381,-6.32908770973347,0.203657679141944,6.13879682848539,1.29472737803459,0.207618075117653,0.512717829504271,-5.90697524261445
0.127648537116849,7.33502421234829,0.786216936258428,0.43936295722753,0.830476311502017,-6.62651846820307,0.253186791135905,7.33502421234829,1.55886529013957,0.131996427112123,0.40283579908032,-5.38622691310283,-0.146001557584281,7.33502421234829,-0.899131515166486,0.377432421959101,0.671031988171745,-6.35080470988401
-0.233296551014459,5.87939680516217,-2.03127244535248,0.0533361213217523,0.418112385158789,-4.94382670472889,0.0268950202963127,5.87939680516217,0.235577729933674,0.815740307836709,0.917565651368026,-6.51084112641931,-0.12232906549695,5.87939680516217,-1.06857057208567,0.295794867508439,0.600946310838173,-6.15529862602073
