"N180-WT0.logFC","N180-WT0.AveExpr","N180-WT0.t","N180-WT0.P.Value","N180-WT0.adj.P.Val","N180-WT0.B","N45-WT0.logFC","N45-WT0.AveExpr","N45-WT0.t","N45-WT0.P.Value","N45-WT0.adj.P.Val","N45-WT0.B","N90-WT0.logFC","N90-WT0.AveExpr","N90-WT0.t","N90-WT0.P.Value","N90-WT0.adj.P.Val","N90-WT0.B","WT180-WT0.logFC","WT180-WT0.AveExpr","WT180-WT0.t","WT180-WT0.P.Value","WT180-WT0.adj.P.Val","WT180-WT0.B","WT45-WT0.logFC","WT45-WT0.AveExpr","WT45-WT0.t","WT45-WT0.P.Value","WT45-WT0.adj.P.Val","WT45-WT0.B","WT90-WT0.logFC","WT90-WT0.AveExpr","WT90-WT0.t","WT90-WT0.P.Value","WT90-WT0.adj.P.Val","WT90-WT0.B"
0.191290245104664,6.07785248905892,0.881161557240147,0.386888540256071,0.766947359479689,-6.57850086598194,0.324177663394288,6.07785248905892,1.49774169070895,0.147116775606496,0.999960381110809,-5.64294326266422,0.455191016118806,6.07785248905892,2.10864531463286,0.0454969992735419,0.513824012071105,-4.85389541116344,0.335019475083732,6.07785248905892,1.54897363917611,0.134352974663105,0.584870047422172,-5.73704216002641,0.159669615754225,6.07785248905892,0.734896660083818,0.469456663040799,0.704961116343453,-6.26606681089883,0.229769475019257,6.07785248905892,1.060130990578,0.299539785197743,0.605283758100444,-6.1684228517616
0.286727907193582,5.11438102945595,1.94383329723665,0.0636176691381794,0.36723520663331,-5.11930995168864,0.175486114059917,5.11438102945595,1.18454580810813,0.247687627827834,0.999960381110809,-5.99393524416827,0.13486264254857,5.11438102945595,0.908761615985439,0.372427709754162,0.807476123176941,-6.4847346783329,0.192604613085457,5.11438102945595,1.30236140662983,0.205038033482021,0.661576242002967,-6.02184464309178,0.348966377151217,5.11438102945595,2.37143564363486,0.0260044087503945,0.24921878143765,-3.93010107099393,0.0243033206793513,5.11438102945595,0.163155777701023,0.871749086493688,0.952077483325182,-6.66364519961629
0.265223393932821,9.25351947632037,1.61235564656419,0.119836334512377,0.492171866375828,-5.70589675872846,0.228600721589244,9.25351947632037,1.3901465800263,0.177125174736287,0.999960381110809,-5.79408446169079,0.341773291122008,9.25351947632037,2.07594442600618,0.0486750665328756,0.525763604595962,-4.91432742268231,0.302942589939367,9.25351947632037,1.84042068055358,0.0779880786163314,0.481970789890445,-5.28524737449569,0.452517734461157,9.25351947632037,2.74577458015395,0.0112016189355927,0.219767101799007,-3.20628176672275,0.441962533471647,9.25351947632037,2.68095000493386,0.0130043438339178,0.174830831580321,-3.51026812265395
0.0683036685256821,6.36745421382001,0.488307054977011,0.629722825338422,0.886466947028003,-6.85939071825606,0.298250390432454,6.36745421382001,2.14140230439478,0.0425010150961903,0.999960381110809,-4.59952627147364,0.228738375655063,6.36745421382001,1.64048382835005,0.113825110522278,0.628963443568195,-5.64894133570443,0.115748883341798,6.36745421382001,0.828702971611063,0.415362271105669,0.817837675921785,-6.57366824674008,0.252900319291731,6.36745421382001,1.81416675220363,0.0820561508011758,0.344444596777501,-4.97888170673642,0.407655910053031,6.36745421382001,2.93351288426994,0.00722030425600563,0.143104720634971,-2.97264752653891
0.26516476980807,9.97540594353185,1.55100559216135,0.133866088545078,0.516452313465788,-5.78444412274888,0.175188243555036,9.97540594353185,1.02573984781628,0.315147098717077,0.999960381110809,-6.20818741050846,0.352443236914523,9.97540594353185,2.05910557518747,0.0503876197996685,0.530996747188028,-4.93257245444752,0.237838473664079,9.97540594353185,1.39113367243452,0.176829289392675,0.632503091987139,-5.94771527137882,0.283341161016862,9.97540594353185,1.6570109514287,0.110412260933097,0.379895718230401,-5.20923573385812,0.644457035389502,9.97540594353185,3.74977508451015,0.000977248766843853,0.0631215836824076,-1.0514184317369
0.164753593148992,9.98998568845314,1.02556149662712,0.315229492909109,0.71592908586468,-6.43677274250813,0.169661894225673,9.98998568845314,1.05598870218285,0.301390103280727,0.999960381110809,-6.17655321985981,0.330090122510219,9.98998568845314,2.05043789975761,0.0512898922741891,0.533187413748777,-4.94768564996107,0.19299153639664,9.98998568845314,1.20051978443014,0.241544348211977,0.697520551455652,-6.18538744626207,0.392753078226782,9.98998568845314,2.43811475477746,0.0224635103506257,0.241763677855868,-3.82814220308049,0.492385679396548,9.98998568845314,3.05123671336644,0.00545588990308812,0.128253102324101,-2.6884324066095
0.0814916972400814,3.99323100539661,0.374657861294592,0.711174389438924,0.915266693459213,-6.73330424397464,0.0727088358613295,3.99323100539661,0.334156131304118,0.741137031410145,0.999960381110809,-6.51723871018688,0.101545717173027,3.99323100539661,0.468015908906083,0.643956132607622,0.920349244353621,-6.67601938849301,0.194313047076921,3.99323100539661,0.904334375898344,0.374723072833509,0.795014659487501,-6.34398043517299,0.126408951494566,3.99323100539661,0.583280345830322,0.565095210565808,0.768963360969371,-6.20659677175032,0.412991173180063,3.99323100539661,1.95481029963204,0.0622378178388598,0.300859226153004,-4.78184379912681
-0.0279046477909546,6.37554882301087,-0.197614331468091,0.844995432962167,0.958657663185,-6.96180425008219,0.198879484978024,6.37554882301087,1.41460493566023,0.169908377144076,0.999960381110809,-5.76721323083466,0.183581392022941,6.37554882301087,1.30552548320622,0.203975971812451,0.701858816537131,-6.11658055940243,0.00202271600004167,6.37554882301087,0.0143412907523132,0.988675143138646,0.99676014619839,-6.9225284696978,0.198157167515882,6.37554882301087,1.40926082139008,0.171464918016879,0.445689305061624,-5.57908563029551,0.394856093293144,6.37554882301087,2.81855222875805,0.00945937840109954,0.157400853399526,-3.22591589671629
0.189189366462383,9.50459703705692,0.725218718599288,0.475264784269848,0.817106471206323,-6.70883141614598,0.262937567147517,9.50459703705692,1.00708893032005,0.323844915315273,0.999960381110809,-6.2346102667951,0.320346807395534,9.50459703705692,1.22618027082111,0.231915591506628,0.72058379037112,-6.20374794853301,0.471161304200383,9.50459703705692,1.80002498744085,0.0843222880798012,0.496472597125358,-5.34665354398596,0.395417598476728,9.50459703705692,1.51247231505429,0.143349564896916,0.414586910775497,-5.42767606873347,0.625935747114742,9.50459703705692,2.38688662194621,0.0251409906469146,0.220237502755642,-4.10736598571393
0.135006165177465,5.17804972176402,0.727799839281037,0.473711663358696,0.816362585258137,-6.65886959209297,0.0467036792398945,5.17804972176402,0.250857320193749,0.804039700227633,0.999960381110809,-6.66167788491708,0.224154199980798,5.17804972176402,1.21313774721372,0.23677284985257,0.724466758443833,-6.17687321110084,0.0250324782789502,5.17804972176402,0.134471247453835,0.89414081388541,0.97516450373992,-6.85586542699095,0.14981357879425,5.17804972176402,0.808019581673205,0.42694218915908,0.672601716536467,-6.16854814440235,0.369575362878245,5.17804972176402,2.0129840490393,0.0553559238384153,0.288243511696055,-4.7779256299527
-0.230625123009434,5.43497500994059,-1.25965110570141,0.219795107176789,0.627067587868134,-6.14229159431387,-0.0234175045561305,5.43497500994059,-0.129021448999074,0.898405790630236,0.999960381110809,-6.70321532295525,0.217219527730745,5.43497500994059,1.20696799261571,0.239097033873785,0.728011144623447,-6.20268450851323,0.0423635187287097,5.43497500994059,0.234170514759693,0.816820152007577,0.958369068736008,-6.85799524978654,0.19105500645082,5.43497500994059,1.06034956178938,0.299442375809431,0.570877088762753,-5.9575276274621,0.275667172654682,5.43497500994059,1.53585038345509,0.137532644446011,0.423197527362668,-5.55814262300231
0.789517840729391,-1.65288617071325,0.949522123490892,0.35173138585214,0.744123856301583,-5.29392638922052,0.918028828508727,-1.65288617071325,1.12229385351779,0.272737114652544,0.999960381110809,-4.97919832272818,0.179205751838801,-1.65288617071325,0.198937121103,0.843971977805878,0.966856181894101,-5.59784046143544,-1.96977377160234,-1.65288617071325,-1.83850147592388,0.0782794391734823,0.482945586797695,-4.11141232792419,-1.57112387189938,-1.65288617071325,-1.46641893550879,0.155394610372689,0.427052884090486,-4.44165876383267,-0.382383202629312,-1.65288617071325,-0.393668127900375,0.69726928733819,0.868553574430952,-5.30290297277404
0.115139172918832,9.75237632318971,0.598630131580029,0.554975703256833,0.856755993013377,-6.78995658304934,0.208519563601147,9.75237632318971,1.08294424640983,0.289493726257526,0.999960381110809,-6.15273950410617,0.400483978142081,9.75237632318971,2.07524339192544,0.0487453147413111,0.525921053552691,-4.90694644805975,0.37623092736105,9.75237632318971,1.94963809409915,0.0628846734366806,0.447891513147529,-5.09083197106066,0.271224310431485,9.75237632318971,1.40773120489453,0.171912520392886,0.446139355169304,-5.56758672069749,0.66874865511933,9.75237632318971,3.45280717312267,0.00205040798867312,0.0910504379011221,-1.76421222843894
0.0522363858647781,5.77632140616961,0.239968384294182,0.812373483737767,0.949844078909691,-6.92226078421495,0.237170515351182,5.77632140616961,1.09600748947789,0.283850908893681,0.999960381110809,-6.12447601653189,0.498092154965266,5.77632140616961,2.31767694297358,0.0292248914255573,0.447550418427423,-4.44437848911243,0.432931212582862,5.77632140616961,2.01236123151455,0.0554258861349361,0.425742284988914,-4.97433898455194,0.55202041533225,5.77632140616961,2.57122750292425,0.016689537315232,0.233669600965575,-3.55984734387062,0.51247787764816,5.77632140616961,2.38697911673642,0.0251359022339858,0.220237502755642,-4.10116903963652
0.150334528059517,9.3937210762938,0.750508269386989,0.460175963661225,0.810529613615469,-6.69209546301719,0.276340120316908,9.3937210762938,1.37772248529252,0.180882945572735,0.999960381110809,-5.80826984806648,0.473010209944389,9.3937210762938,2.35325519050161,0.0270551816679258,0.434947959269873,-4.38539850328486,0.514313805071765,9.3937210762938,2.5569983460361,0.0172332647844921,0.258463402593419,-3.93418261919963,0.297334681737681,9.3937210762938,1.48219520344017,0.15117947714292,0.424436753529569,-5.47256670467626,0.533693586803532,9.3937210762938,2.65257636530474,0.0138762921623888,0.180379386400713,-3.5675584716586
-0.0322800367390332,7.18395318132859,-0.215472929745428,0.831202259135876,0.954326310003293,-6.97624995444456,0.0497552330468691,7.18395318132859,0.332326641639099,0.742500790911079,0.999960381110809,-6.71222511085126,0.170066669509555,7.18395318132859,1.13647015166313,0.266876335205263,0.745349225418309,-6.33216008867623,0.0427741808719722,7.18395318132859,0.285733031041531,0.777511348921907,0.9492452929617,-6.89838839960812,0.402104354262487,7.18395318132859,2.68730683154624,0.0128161783053145,0.2252880319434,-3.34921076977764,0.303211060592986,7.18395318132859,2.02654781337922,0.0538515565095945,0.286779970395013,-4.81205417401245
0.135201890346355,5.1136935112158,0.831835133856179,0.413626020972374,0.782841790632604,-6.56662127631408,0.100393844344054,5.1136935112158,0.616853870907409,0.543084926356773,0.999960381110809,-6.49198858868305,0.274322011915704,5.1136935112158,1.69879027550972,0.102166207543239,0.619392749219674,-5.50039478712531,0.145744615438757,5.1136935112158,0.898299309403995,0.377866974426469,0.795830713570093,-6.45098190234964,0.535225545624242,5.1136935112158,3.34621736341331,0.00266664991473539,0.188128268013832,-1.83701448350655,0.407900862680949,5.1136935112158,2.5421908453086,0.0178165819172218,0.198742933180955,-3.75745846048516
0.0676421307266049,6.67930232359083,0.43333590270532,0.668604506971727,0.900804961067289,-6.89718698122635,0.0016454812207316,6.67930232359083,0.0105324959291868,0.9916826893791,0.999960381110809,-6.76094384784518,0.0905312683053383,6.67930232359083,0.580221642906249,0.567122909040166,0.893925947622639,-6.80193615536499,-0.0738212452846074,6.67930232359083,-0.472147931662094,0.641046193965705,0.90405864501733,-6.81720778724971,0.156824617143995,6.67930232359083,1.00585565989152,0.324425854770966,0.592168200696692,-6.05523386057611,0.18108323306886,6.67930232359083,1.16228497309438,0.256441478056264,0.562189226049326,-6.07821748132406
0.0149883176357681,5.87936112122449,0.0670365190672287,0.947102778965161,0.985412706665283,-6.96683017086719,0.146514241208733,5.87936112122449,0.657475704107244,0.517073307894775,0.999960381110809,-6.52062417124863,0.104520579333158,5.87936112122449,0.46859015174538,0.643551378752418,0.920113433925226,-6.83904055837616,0.0449878951738265,5.87936112122449,0.2015040092086,0.841986751895639,0.963997063506659,-6.88920318068765,0.258935487118118,5.87936112122449,1.16468699577547,0.255486051112921,0.528979689364137,-5.8682411235574,-0.487785571769368,5.87936112122449,-2.1499305763731,0.0417506572218621,0.26100301372054,-4.54475099673245
0.202283215307816,9.96523050022727,0.990372743010812,0.331780524853586,0.729678839203767,-6.47304541212624,0.141519714804142,9.96523050022727,0.69332849083782,0.494697127072482,0.999960381110809,-6.49367425228615,0.452063817657827,9.96523050022727,2.20639599413728,0.0370762453704377,0.488549949011131,-4.65980965695628,0.40993749636575,9.96523050022727,2.00130696974241,0.0566807215649573,0.428924230873324,-4.9965887979928,0.303273290627393,9.96523050022727,1.48309161614672,0.150942777653322,0.42422188892588,-5.46191962662829,0.70933500436478,9.96523050022727,3.44932409313877,0.00206815276843366,0.0913488410788637,-1.76899167162982
0.196218682342781,6.48422835226535,1.17498020444642,0.251421606704672,0.661062241561244,-6.29320596808827,0.191958085200096,6.48422835226535,1.14948408765436,0.26157763618314,0.999960381110809,-6.09369430312022,0.344245730347178,6.48422835226535,2.06671459387608,0.0496072256855767,0.52929880327144,-4.94022035198383,0.136179019619138,6.48422835226535,0.815027054213269,0.422996709613126,0.823011436126409,-6.58731420011565,0.500059056111515,6.48422835226535,3.00820934856655,0.00604667432006414,0.200060525319564,-2.64640230226903,0.395066543827938,6.48422835226535,2.37442270629975,0.0258353935975712,0.221644495368065,-4.14813904177069
0.115192666833826,10.2428384494368,0.522746543025557,0.605898565765044,0.877481201421364,-6.82385734685624,0.204793070365518,10.2428384494368,0.928244610504755,0.362436824014795,0.999960381110809,-6.29657868604958,0.323223882566484,10.2428384494368,1.46276448894229,0.15638441909397,0.661754116615577,-5.88434958343626,0.385682427648733,10.2428384494368,1.74350465344654,0.0939239342461762,0.515093032603652,-5.42461530230617,0.239059494931659,10.2428384494368,1.08319996724304,0.289382499335679,0.560820891164879,-5.94519234591241,0.572742924890804,10.2428384494368,2.5824021248755,0.0162737910065569,0.19209771190168,-3.69836791579877
0.0491840641377159,8.8887469130812,0.211810604218305,0.834026528428363,0.955154258286005,-6.96402217060668,0.30153286626914,8.8887469130812,1.29555156692255,0.207338327671778,0.999960381110809,-5.91972850774051,0.342799535940484,8.8887469130812,1.47224922117721,0.153825944161382,0.661258630694266,-5.89380307470412,0.448729079050159,8.8887469130812,1.92488211650553,0.0660631587391129,0.453266255486439,-5.14607918147683,0.21410490558578,8.8887469130812,0.920709776777086,0.366279353992379,0.627241050107628,-6.12686336935986,0.540321428957812,8.8887469130812,2.31554184005331,0.0293600278195349,0.229156436252041,-4.25642315140875
0.127413458219548,8.75105282175996,0.727978910827336,0.473604021934347,0.816281694825886,-6.71791041640093,0.229277921321257,8.75105282175996,1.30875247816306,0.202897178051338,0.999960381110809,-5.90590517444852,0.400854710185687,8.75105282175996,2.28455685009846,0.0313864612249409,0.458961523480044,-4.52917271739108,0.325633659085057,8.75105282175996,1.85676119883372,0.0755451588572826,0.477093469678428,-5.26483430104546,0.351154467773792,8.75105282175996,2.00240120077125,0.0565553981260608,0.307810212585868,-4.66248909937246,0.549673616357721,8.75105282175996,3.12755218285982,0.00454154760612463,0.120662360804039,-2.53359127284459
-0.0463958143703778,8.6041851319836,-0.229869900481502,0.820122565039566,0.95221229030279,-6.96301209484223,0.06912077492896,8.6041851319836,0.342106700598076,0.735220513447186,0.999960381110809,-6.69734863656885,0.292402074385489,8.6041851319836,1.44435153235539,0.161449100120442,0.666006179974561,-5.93512977245339,0.158982622790203,8.6041851319836,0.786087818834724,0.439437165699775,0.830476311502017,-6.61310773365179,0.0243756468564893,8.6041851319836,0.120699659993061,0.90492434729617,0.957639666442528,-6.54833043481265,0.488628582101171,8.6041851319836,2.40870400408253,0.0239666551730516,0.217345771148891,-4.07598665411249
0.193494322339312,8.15702131478231,1.19273639181435,0.244523311551374,0.654922483529091,-6.28203099874722,0.213144097308522,8.15702131478231,1.31358520255823,0.201289851221391,0.999960381110809,-5.90746565203067,0.244730521260369,8.15702131478231,1.50781062544438,0.144533150437556,0.65170181245241,-5.8542421711748,0.266076123902177,8.15702131478231,1.63873580556828,0.114191186355392,0.555959970285731,-5.62137397081028,0.364261876999192,8.15702131478231,2.24220361594101,0.0343626363196668,0.268423312917029,-4.23312917381901,0.535955315930927,8.15702131478231,3.29316298385353,0.00303701532410727,0.106523059238074,-2.15956896999698
0.132969990525457,8.10019490368992,0.581735511856858,0.566118860479369,0.86213045753054,-6.82304681417123,0.335762745608517,8.10019490368992,1.4663694601895,0.155407976964956,0.999960381110809,-5.70497867103108,0.288407885049645,8.10019490368992,1.26003021549258,0.219660642078301,0.711078340719878,-6.18193814792997,0.339803209109832,8.10019490368992,1.48366344642373,0.150791941624315,0.602321529811541,-5.84781227290477,-0.00389057132641835,8.10019490368992,-0.0170408505986578,0.98654358523651,0.994244549029435,-6.56356598233969,0.511539424647155,8.10019490368992,2.2301405833228,0.0352560028723451,0.245584020665498,-4.43022802105578
0.155355467707317,8.92346391495493,0.843060038743355,0.407441318630388,0.77864698175611,-6.62434156841504,0.213898544618409,8.92346391495493,1.16008533292174,0.257318716239649,0.999960381110809,-6.08094256673259,0.393068921717514,8.92346391495493,2.12822352653364,0.0436843895979171,0.509420153830464,-4.82282197885238,0.35311737534346,8.92346391495493,1.91224795559591,0.0677388652702421,0.456461349843739,-5.16834277323142,0.358129898514763,8.92346391495493,1.93988754687318,0.0641201866843161,0.317650636978027,-4.76826665799446,0.541325690191007,8.92346391495493,2.9259324171719,0.00735086960417888,0.14358896230851,-2.9838536718899
0.0123985384243186,7.81307652111804,0.0781539546250878,0.938347483576651,0.983130558634523,-6.99723810401357,0.129960966847936,7.81307652111804,0.818503674613622,0.421047685210405,0.999960381110809,-6.42804242948758,0.259356068919047,7.81307652111804,1.6317515907319,0.115663681132934,0.629871032793253,-5.6753572868451,0.0381979404952935,7.81307652111804,0.240694994812208,0.811816660643661,0.957898541529925,-6.90969333732822,0.395060828620777,7.81307652111804,2.48294417104686,0.0203390888033955,0.240120209244311,-3.76629822045155,0.394287563221137,7.81307652111804,2.47729615034658,0.020596104406016,0.206702935953639,-3.94919745922247
0.0266820936401073,5.9877247156271,0.126576297941431,0.900320372128571,0.973612146515629,-6.95456195251155,0.156947993439898,5.9877247156271,0.747321829700606,0.462061314336389,0.999960381110809,-6.45128941264879,0.425850393097548,5.9877247156271,2.04056920498068,0.0523346562571933,0.53434575981097,-4.97196055177195,0.541356687686485,5.9877247156271,2.60126642121335,0.015593815752757,0.246062271832948,-3.84217535790079,0.48874364142748,5.9877247156271,2.34449595313691,0.0275752128486103,0.252570694839902,-4.01934332055804,0.445428844517317,5.9877247156271,2.1364935947378,0.042938380463253,0.26362230661468,-4.58727417097931
-0.0220903471573344,9.55839627741515,-0.104009742064086,0.918017837825024,0.97910323907634,-6.9727092287344,0.235313324824002,9.55839627741515,1.1049375897804,0.280039263682227,0.999960381110809,-6.13226234239674,0.402195052289228,9.55839627741515,1.88502576773119,0.0714761013778271,0.574854555242923,-5.24428840810528,0.420414939192183,9.55839627741515,1.96953798596659,0.0604278522666808,0.44197180522983,-5.05907585748644,0.464883870337822,9.55839627741515,2.17755999908818,0.0394008441113582,0.277588731428543,-4.33520569404213,0.586976828633135,9.55839627741515,2.74431762949867,0.0112394110672926,0.169658640466537,-3.36955631653444
0.0936500185028191,8.30095975268733,0.556807447552172,0.582766452373607,0.870167970034484,-6.8356802110037,0.32578838244336,8.30095975268733,1.93314876657861,0.0649864693167132,0.999960381110809,-4.97695337473186,0.36048561950564,8.30095975268733,2.13834916598333,0.0427725763297235,0.508460909034859,-4.81244981218128,0.220702420499636,8.30095975268733,1.31048654551621,0.202319301348037,0.658966025659128,-6.07741290537145,0.324811498824605,8.30095975268733,1.9274977416225,0.0657208095935848,0.31975913151107,-4.79731486380529,0.575060841918738,8.30095975268733,3.40401471357811,0.00231305594371104,0.0952284476769192,-1.89872334542526
0.117599882237635,5.35418386336088,0.642470654097859,0.526601157913082,0.843145763193832,-6.71820789889946,0.310026358204862,5.35418386336088,1.70695105596828,0.100617781249175,0.999960381110809,-5.29515150903942,0.317312665553719,5.35418386336088,1.74767370011008,0.0931851355979273,0.605932696037887,-5.43524508149526,0.180044915241298,5.35418386336088,0.987246817958373,0.3332791919379,0.768605074515247,-6.38034043177506,0.788017937696046,5.35418386336088,4.40231718120666,0.000186413310994338,0.057641375503845,0.681978110090412,0.487283279867969,5.35418386336088,2.70189726830008,0.0123939262818969,0.173971616757652,-3.43575348400837
-0.139790055018409,5.54281540303173,-0.68724557945381,0.498454431750605,0.826855500199914,-6.69812202424352,0.0967430403089447,5.54281540303173,0.48000573624163,0.635528584708876,0.999960381110809,-6.59913495763231,0.34247462368526,5.54281540303173,1.71260859833572,0.0995560217261112,0.61545370344943,-5.50924959607719,0.180690266514068,5.54281540303173,0.899708266037111,0.377131452391419,0.795830713570093,-6.48127914980621,0.422559556473385,5.54281540303173,2.11705922080831,0.0447099161644645,0.286155930833177,-4.43267041703645,0.296777991176628,5.54281540303173,1.48335265505915,0.15087390627925,0.442009699801435,-5.63362181821174
0.116691653241665,8.45508928644734,0.584377281961228,0.564368924895778,0.860828461955325,-6.81787929745729,0.234036329787392,8.45508928644734,1.17081486280192,0.253060551403044,0.999960381110809,-6.07518191211581,0.438857245490585,8.45508928644734,2.19153768492879,0.0382580929398066,0.490329044947573,-4.7108305185853,0.461549984613985,8.45508928644734,2.30396934970305,0.030102466704915,0.327945388772511,-4.45624688834401,0.341218251302017,8.45508928644734,1.7055598859398,0.100880328356422,0.369758842876137,-5.15678759684749,0.578031761234072,8.45508928644734,2.88229127885691,0.00814737009737133,0.148609612085247,-3.08581123467042
0.141186450794761,8.30232654066235,0.802057978594698,0.43031668973949,0.794939932882166,-6.66678987723639,0.179371498621105,8.30232654066235,1.01860895785848,0.318453132642857,0.999960381110809,-6.24042474691889,0.498852549493389,8.30232654066235,2.8251113187622,0.00931564024060596,0.272607562533736,-3.41581961507277,0.26570838669072,8.30232654066235,1.50749327935403,0.144614011930904,0.595601636543084,-5.8129136557749,0.33356412293997,8.30232654066235,1.89190444666804,0.0705151730196496,0.326745248859149,-4.8575960645031,0.630465067696756,8.30232654066235,3.56548483458924,0.0015500294854934,0.0811805478095265,-1.51613120858437
-0.0755083897659574,4.41676792785268,-0.336197782900951,0.739616139828183,0.923654679141834,-6.79333011019937,0.134929473165868,4.41676792785268,0.610021338548051,0.547527235016565,0.999960381110809,-6.44630161177671,0.165118993536029,4.41676792785268,0.748076156820181,0.461614580915212,0.847800417596458,-6.56411015315908,0.173621902904048,4.41676792785268,0.787994386603788,0.438342169519715,0.829813190629193,-6.49464437854342,0.0818863569297461,4.41676792785268,0.3686983367803,0.715554891362275,0.858866801797815,-6.3614435567595,0.277923261172876,4.41676792785268,1.26982607319988,0.216207908004182,0.520829521695263,-5.8366753695882
0.220158279466316,9.88233108591907,0.960208079944924,0.346435992371126,0.738951575568421,-6.50265954065793,0.179859145787463,9.88233108591907,0.78476736599511,0.440196516884496,0.999960381110809,-6.4259967712054,0.271441776811036,9.88233108591907,1.18304618650715,0.248270270841849,0.734800245593737,-6.24739729502266,0.413114233242345,9.88233108591907,1.79696290435422,0.0848199974676274,0.497252530535308,-5.34481629597641,0.181704011956842,9.88233108591907,0.792874401450218,0.435547043744426,0.679009743755028,-6.22002446015474,0.573279023471285,9.88233108591907,2.48841337630216,0.0200930452584924,0.206224584305488,-3.89740298453563
0.0877689706292735,9.99701576474671,0.457687711567374,0.651255008200523,0.894323233917834,-6.8616873566451,0.154459869899949,9.99701576474671,0.804775931584553,0.428776184990194,0.999960381110809,-6.4085738482094,0.395003359197645,9.99701576474671,2.05200013328471,0.0511262154950123,0.533187413748777,-4.94448054177796,0.39789355875317,9.99701576474671,2.06638175205142,0.0496411359943275,0.409440765837436,-4.8791629950783,0.336535055450296,9.99701576474671,1.74976390774007,0.0928165975817139,0.359562458528209,-5.06474083141609,0.581931274493998,9.99701576474671,3.0147354276055,0.00595328735491971,0.133181885676829,-2.76969614278399
0.067649436392804,10.3755126811619,0.270878731760882,0.788778734209832,0.940981399654796,-6.92368995159893,0.0989240186524025,10.3755126811619,0.395923483863986,0.695626635443029,0.999960381110809,-6.6490686443435,0.374744679850716,10.3755126811619,1.49434358630719,0.147997132346765,0.654134484137802,-5.83632728924253,0.349755629899189,10.3755126811619,1.39476599118992,0.175743854660508,0.631417908474948,-5.93291117874207,0.131734555543368,10.3755126811619,0.527073788209566,0.602935627465161,0.793126672153439,-6.38636779582556,0.605692627591162,10.3755126811619,2.40667944559039,0.0240734636343441,0.217938169423269,-4.05144351556667
0.156372577286088,5.60336610242932,0.861260776484055,0.397538372616263,0.771977736528398,-6.57327261224505,0.20339559892982,5.60336610242932,1.12209127490989,0.27282153809098,0.999960381110809,-6.09039101041868,0.361622633455999,5.60336610242932,2.00470936751468,0.0562918446382427,0.544474199976977,-5.02036987490864,0.302091133631503,5.60336610242932,1.67292361654316,0.107207863881271,0.542980563656152,-5.53087442118156,0.455597663690989,5.60336610242932,2.53137931798333,0.0182540340598899,0.236651094551633,-3.6353433919622,0.20720973282013,5.60336610242932,1.14436448613603,0.263652821686102,0.569789197176756,-6.05660113659422
0.215645626259409,4.72133299283954,1.23186287346402,0.229822955325681,0.637164633679534,-6.13196410194908,0.075324705269872,4.72133299283954,0.427049962010106,0.673114163146476,0.999960381110809,-6.55841619453917,0.246673523332051,4.72133299283954,1.4121319248732,0.170627268237461,0.675417287459539,-5.88593187716665,0.227946308859651,4.72133299283954,1.30506204222708,0.204131265100726,0.661498487357087,-5.98525070564708,0.277907116955086,4.72133299283954,1.59262990249161,0.124207675640999,0.393632435315598,-5.23641148049111,0.534916651041817,4.72133299283954,3.10884786745564,0.00475096585519665,0.12327119016337,-2.51076067574744
0.224802354031603,10.3332862363973,0.999079218990997,0.327630800786502,0.727802582565641,-6.45649351941347,0.16437871597317,10.3332862363973,0.731055882208639,0.471756663131665,0.999960381110809,-6.45877064764269,0.370352214171913,10.3332862363973,1.6426236407081,0.113378322312084,0.628651089386624,-5.6204810301766,0.303453515676617,10.3332862363973,1.3467148919007,0.190535831523117,0.646412657749085,-5.99814770359166,0.185956248264402,10.3332862363973,0.826877912345137,0.416376062615754,0.664528148253322,-6.18452465786277,0.691262354803763,10.3332862363973,3.05132408190867,0.00545474854739095,0.128253102324101,-2.68039061192137
0.085439503146687,2.88265384187573,0.358884309236329,0.722790296071142,0.918830452022422,-6.55416371081217,0.346319789412102,2.88265384187573,1.50256072340807,0.145875595904116,0.999960381110809,-5.32871363064902,-0.056201270972486,2.88265384187573,-0.231986055595843,0.818497155807577,0.961659663299778,-6.55577069445602,0.112709133865312,2.88265384187573,0.476876022116997,0.637723661121346,0.902745179190597,-6.45153678528811,0.170568774252604,2.88265384187573,0.72395155126643,0.476028354280498,0.709077105704464,-5.9432330512684,-0.0679257214863203,2.88265384187573,-0.280974708926574,0.781115385691423,0.909948408687294,-6.32561345639291
0.162521909605806,9.2847190545039,0.869333382033771,0.393195876244255,0.769082953536794,-6.59593782672992,0.206293499785708,9.2847190545039,1.10293610096939,0.280890332350548,0.999960381110809,-6.1383128806804,0.347149437532996,9.2847190545039,1.85328506272683,0.0760592162268494,0.577997371966353,-5.30195882675728,0.347558659361098,9.2847190545039,1.85505467473575,0.0757971451000155,0.477173275137224,-5.25934407054017,0.144660247770533,9.2847190545039,0.773947607463789,0.446448695814137,0.686731466582013,-6.24467211062896,0.533760891136859,9.2847190545039,2.84299827821441,0.00893410428017445,0.154430233156658,-3.16043543374532
-0.190885724031531,5.86655211159424,-1.19692152828958,0.242918130291442,0.653180020604346,-6.24237357955573,0.0618519814792311,5.86655211159424,0.390759000019757,0.699390331915117,0.999960381110809,-6.65795186723322,0.166336073255017,5.86655211159424,1.05362104218388,0.302451339119029,0.769524739393707,-6.39089942498819,-0.215810755534566,5.86655211159424,-1.35338976705086,0.188424521268422,0.645993601408873,-5.99031061300912,0.442600369967187,5.86655211159424,2.81996204879803,0.00942830698638715,0.212028862593679,-3.04610747909036,0.197885166454021,5.86655211159424,1.25524538935501,0.221362361521943,0.526265205299918,-5.94635212321321
0.298885993656638,2.20195715407106,1.11395243301313,0.276229078845151,0.684240191385133,-5.86099354345177,0.0541214819212539,2.20195715407106,0.194732265873188,0.847226275877854,0.999960381110809,-6.1957197380369,0.271150639666347,2.20195715407106,1.00805994714184,0.323388019099928,0.77745631863181,-5.94877951807569,0.133928286088664,2.20195715407106,0.48940460834033,0.628957026660493,0.900643656365843,-6.27662603911538,0.284909152863404,2.20195715407106,1.05948137587518,0.299829427885852,0.571090573455451,-5.51078973912598,0.344899791056041,2.20195715407106,1.29961088413989,0.205964747609708,0.510625328729424,-5.43098906381287
0.0313855667160574,6.36511132800846,0.162150250821439,0.872532290583532,0.96596257184373,-6.97000258325842,0.123351931473303,6.36511132800846,0.6384583066186,0.529164966795223,0.999960381110809,-6.54587531654694,0.163308900343114,6.36511132800846,0.845939841016587,0.405864094778705,0.824608260788329,-6.60255126899275,0.0809611374706165,6.36511132800846,0.41890343881136,0.678977255691629,0.916931658996003,-6.83440276067972,-0.0346556983777786,6.36511132800846,-0.178802806462339,0.859579346159511,0.937998696330994,-6.53209145634467,0.389942998591027,6.36511132800846,2.02796394598232,0.0536966013563511,0.286568192785363,-4.79889935610659
0.0677408814589402,6.65797797444271,0.317773379705636,0.753379529797158,0.929366327692224,-6.93766399053929,0.226856846335058,6.65797797444271,1.06686143584393,0.296550565307925,0.999960381110809,-6.18896827767039,0.40595614619572,6.65797797444271,1.91344366872096,0.067578697641944,0.568633621030265,-5.21584808920097,0.246554953925306,6.65797797444271,1.16020190899302,0.257272169084742,0.708937511055852,-6.25679020454067,0.0936966205946508,6.65797797444271,0.439702917355751,0.664049608369015,0.827909551089804,-6.45788243190159,0.493265455323847,6.65797797444271,2.32765948336867,0.028600582182882,0.227575337951011,-4.24503718817732
0.311651013506724,9.79941645798336,1.39623386646204,0.175306714898331,0.570031988830569,-6.00337220558641,0.218060400807369,9.79941645798336,0.977919273808855,0.337778674149762,0.999960381110809,-6.25848231698896,0.444397480411432,9.79941645798336,1.98763408833113,0.0582675127185244,0.549871274245659,-5.06256349263125,0.468455265171633,9.79941645798336,2.09408799019199,0.0468881077787571,0.399662680556409,-4.83202564019907,0.0980922213158735,9.79941645798336,0.44053841501689,0.663452874792164,0.827565069895676,-6.44092327916744,0.613547817292947,9.79941645798336,2.73752766982487,0.0114171284974817,0.170109551630159,-3.38003141211538
0.13042946406797,5.32304276239291,0.844639837498764,0.406575606492932,0.7779990629265,-6.57319806201984,0.0940115023216297,5.32304276239291,0.608034581761311,0.548822541584573,0.999960381110809,-6.51476471930002,0.196149295829289,5.32304276239291,1.2739174182214,0.214778187976353,0.707551158138812,-6.1092846573617,0.196560217674362,5.32304276239291,1.27755994174057,0.213511412850588,0.670330819390277,-6.06547448614412,0.380394897244352,5.32304276239291,2.48564153121602,0.0202173956165046,0.239776948167075,-3.71563027537106,0.264366762054689,5.32304276239291,1.72285011128543,0.0976581357035917,0.367780690899274,-5.26512208072983
-0.0121385682304647,6.22026284451259,-0.0694946823714631,0.945166281264719,0.985105861774559,-6.97259914670051,0.140727051493236,6.22026284451259,0.808480851300272,0.426681777355246,0.999960381110809,-6.41548312400829,0.277452010893741,6.22026284451259,1.59840231012282,0.122914993351027,0.634590525848118,-5.70869085907581,0.226260620039475,6.22026284451259,1.30274873698125,0.20490779216358,0.661576242002967,-6.07466329202546,0.360868431278255,6.22026284451259,2.08180427316618,0.0480913951392692,0.291043854335426,-4.51823597966705,0.38462035160811,6.22026284451259,2.22125103853584,0.0359277671601984,0.247107543842482,-4.43837275458036
-0.579167524173399,2.70959422618098,-2.50106331240215,0.0195344954225061,0.199668759631448,-3.6846925925664,0.00997553812357577,2.70959422618098,0.0470753978135455,0.962839034917535,0.999960381110809,-6.36830761936917,0.117391243195261,2.70959422618098,0.562039845473285,0.579252051129323,0.898907641117187,-6.43271373965914,-0.0889305070143034,2.70959422618098,-0.415505769431414,0.681428716763073,0.917908909043449,-6.4411054346736,0.190940534739565,2.70959422618098,0.921532156616496,0.365858657254391,0.626979602077071,-5.77636698325502,0.0734660618965401,2.70959422618098,0.351013781227524,0.728611989628475,0.883514229893252,-6.30901416021884
-0.0172267000324711,6.07246962545948,-0.0989812903529236,0.92196754641963,0.979500859867233,-6.96731952889981,0.106552718478246,6.07246962545948,0.614103750345332,0.54487067654171,0.999960381110809,-6.55140552320322,0.165010098126628,6.07246962545948,0.952266181658678,0.350366402081415,0.795505406139578,-6.49771010490131,0.130641947717834,6.07246962545948,0.753715621788454,0.458282867158264,0.837076132360368,-6.62644946248218,0.208680580658678,6.07246962545948,1.20512532299624,0.239794485390591,0.516057049634453,-5.82462009314701,0.174883446503644,6.07246962545948,1.01004373077723,0.322455970447472,0.623503541579711,-6.22226378185634
0.173610026248237,9.50138735389081,0.795179064465896,0.434230809303491,0.797149622962035,-6.65581964112267,0.249994173149938,9.50138735389081,1.14407306550978,0.263771308613495,0.999960381110809,-6.09086164385669,0.496769197572423,9.50138735389081,2.26726381072517,0.0325720948691631,0.465000250229418,-4.55154160142208,0.466706246751519,9.50138735389081,2.13026872008443,0.043498826383272,0.388169947402587,-4.77129156773061,0.39442986119726,9.50138735389081,1.80243835020473,0.0839317927683682,0.347515881567719,-4.98911545638689,0.672256177919078,9.50138735389081,3.06100362752077,0.00532970545216983,0.128253102324101,-2.67378605232922
0.183901920535652,9.07621854329467,0.971251112835884,0.341020621877546,0.735389053460989,-6.50570167010754,0.190047498248251,9.07621854329467,1.00360089817964,0.325489837385945,0.999960381110809,-6.24463159589478,0.396077836635124,9.07621854329467,2.08739384302696,0.0475404747864165,0.521223167070451,-4.89542083012096,0.162137390161115,9.07621854329467,0.856243446937379,0.400252773278166,0.80923715481731,-6.55040835873168,0.367251438122524,9.07621854329467,1.93623356398355,0.0645886476552785,0.317650636978027,-4.77224399588981,0.644434103761707,9.07621854329467,3.38664509393041,0.00241423236737207,0.0979880140450857,-1.92959055925006
0.0773577617570869,9.1721690842972,0.332935106305227,0.742047126468275,0.924356293414443,-6.92554141399077,0.170467737428016,9.1721690842972,0.732984616156872,0.470600841306287,0.999960381110809,-6.47693837952066,0.346292371825601,9.1721690842972,1.48639002710726,0.150074408777975,0.656530077404496,-5.86961578052222,0.390108731436033,9.1721690842972,1.67334050544675,0.107124976394238,0.542980563656152,-5.55324330579852,0.259081728660108,9.1721690842972,1.11313220831974,0.276574191352905,0.550550195838158,-5.9309614391296,0.532289447875439,9.1721690842972,2.27966573537986,0.0317177511379791,0.235918647836249,-4.32153447840651
-0.100151937563685,5.97967312692882,-0.540074028418772,0.594076096207212,0.874491687259111,-6.81372957143336,0.0637502013289959,5.97967312692882,0.345392653605348,0.732780073759378,0.999960381110809,-6.67510222989686,0.288453485386538,5.97967312692882,1.57128974885186,0.129084803741882,0.637634216612596,-5.74109559031787,0.16970399654201,5.97967312692882,0.922360496529599,0.36543523569377,0.789531236659605,-6.47965981793141,0.477002970743005,5.97967312692882,2.60791531789748,0.0153605466406654,0.23157139453194,-3.49400734784253,0.421138758599116,5.97967312692882,2.30173759056954,0.0302476030324178,0.230974347817582,-4.27798348719415
0.399797197452365,10.1201041643082,2.11620526369983,0.0447892400111612,0.310052668545739,-4.84354269428347,0.344626544177888,10.1201041643082,1.82534020517622,0.0803029657444714,0.999960381110809,-5.13021309163513,0.397223465428663,10.1201041643082,2.10243066098933,0.0460862937909341,0.516401008221778,-4.84989563270243,0.286566328716948,10.1201041643082,1.51847439704979,0.141837307470348,0.591825681496411,-5.76826256171974,0.0164322209342416,10.1201041643082,0.0873952661691586,0.93107566570279,0.969992816913403,-6.52970163594554,0.238470632594682,10.1201041643082,1.26429319690264,0.218152937784185,0.523084745886416,-5.92779113057404
0.207662095192084,9.97256905679709,1.17462104291538,0.25156261591311,0.661062241561244,-6.27600029663148,0.177770119966237,9.97256905679709,1.0058325208383,0.324436761449416,0.999960381110809,-6.22811894819528,0.356705757563308,9.97256905679709,2.0138400768075,0.0552598921796077,0.544474199976977,-5.01366523664954,0.187508273198828,9.97256905679709,1.06050660216799,0.299372402384664,0.742960915959071,-6.34119819989738,0.385709108854218,9.97256905679709,2.17709917692861,0.0394390377209602,0.277588731428543,-4.32995629450707,0.644693109492492,9.97256905679709,3.62503659078853,0.00133600103789001,0.0755525743113967,-1.35145028273075
0.203558214671125,9.47418129260334,0.864710124443534,0.395679116368093,0.770673207994977,-6.59744436377614,0.200474750101886,9.47418129260334,0.851591712715503,0.402779937165091,0.999960381110809,-6.3787479703692,0.384786611574471,9.47418129260334,1.63128092254133,0.115763480955273,0.629871032793253,-5.65365873462323,0.433552776615711,9.47418129260334,1.83661410189408,0.078566885075779,0.483818873223007,-5.28706906256023,0.248161864751552,9.47418129260334,1.05372953546335,0.302402652424005,0.573810908431658,-5.98983486774442,0.69890370504876,9.47418129260334,2.95140073483074,0.0069209110194919,0.141068162477245,-2.91845350967443
0.0980100567931146,9.44652451497397,0.483323585315143,0.633205268465953,0.888322471971572,-6.85767419683379,0.258379405612191,9.44652451497397,1.27196331614182,0.215460142800392,0.999960381110809,-5.9401677590406,0.192325364133643,9.44652451497397,0.947425039340333,0.352776953837286,0.796722217578444,-6.50220793041224,0.251223008570044,9.44652451497397,1.23650714894116,0.228123311434149,0.685974774482204,-6.15107150162073,0.201509971414213,9.44652451497397,0.992686782120385,0.330674087753334,0.597066574321247,-6.0504127793125,0.50967411873251,9.44652451497397,2.50120809606464,0.0195281867842341,0.204491137129732,-3.87863216174291
0.152824366146707,10.3682036137446,0.843781962609722,0.407045567540043,0.77839306059052,-6.59775501770644,0.142058324490931,10.3682036137446,0.784396285015891,0.440410057887905,0.999960381110809,-6.41629035335626,0.28410438706204,10.3682036137446,1.56573939139918,0.130378893141835,0.63905445329858,-5.73424188854688,0.117575080668217,10.3682036137446,0.649211244635186,0.522309280691276,0.862678865422338,-6.68407514683514,0.157577564334391,10.3682036137446,0.870002601221736,0.392837258882772,0.647294235328398,-6.14646375395266,0.493022471988526,10.3682036137446,2.70835939385334,0.0122111220428372,0.173304918602102,-3.43160621387892
-0.165521738910472,6.69871317023529,-0.818292291426463,0.421166028350323,0.788669435859705,-6.65309651308287,0.108910149586133,6.69871317023529,0.540326191688213,0.593904876606571,0.999960381110809,-6.61655352585988,-0.173818381649281,6.69871317023529,-0.859310026044543,0.398592334182279,0.81980503717394,-6.59901172043293,-0.126691423144059,6.69871317023529,-0.626922920048944,0.536573276376555,0.869053764134678,-6.73347734598845,-0.356624355009919,6.69871317023529,-1.7573770958146,0.091484761243813,0.357982777371118,-5.07532948096382,0.023289507237207,6.69871317023529,0.115475640747386,0.909019896216106,0.968429428968234,-6.74776999333044
-0.328466137489912,7.69658993353389,-1.90981665957393,0.0680655645670793,0.382608288108423,-5.24751978513222,0.0452846836195651,7.69658993353389,0.262863310057378,0.794878389443165,0.999960381110809,-6.73195274212844,0.0447230520537314,7.69658993353389,0.259598625770588,0.797366631164537,0.956548550329507,-6.94491155442087,-0.11540433633018,7.69658993353389,-0.670479840323592,0.5088933381402,0.857373666347017,-6.70999312760933,-0.00951567049782387,7.69658993353389,-0.0552611768866104,0.95638358115205,0.981784458916631,-6.5642292871154,0.175587759237155,7.69658993353389,1.01794931543909,0.318760172780119,0.620635083096254,-6.23459074664932
0.177941857392899,9.70131766808234,0.931871734276249,0.360596704761896,0.748565177673814,-6.53309387864302,0.112327724358353,9.70131766808234,0.588638212557847,0.561552284736406,0.999960381110809,-6.56556628900596,0.272594972965033,9.70131766808234,1.42590910242943,0.166652994293046,0.671835774219373,-5.94556298599459,0.287563294297126,9.70131766808234,1.50359211323449,0.145611062896629,0.596513270598173,-5.79750422657452,0.525957688671992,9.70131766808234,2.74343186682839,0.0112624457807664,0.219767101799007,-3.20394967400922,0.505658808841593,9.70131766808234,2.63698413544333,0.0143785072385391,0.183382815399668,-3.59502225057474
0.190035921410118,9.27890724754637,0.772633593640058,0.447211639831502,0.803451506556986,-6.67480703815919,0.169794094408612,9.27890724754637,0.690437091624542,0.496481083181802,0.999960381110809,-6.50506026304082,0.224066435529464,9.27890724754637,0.91060054216472,0.371477021028463,0.806740845424352,-6.53841632703312,0.420061265723714,9.27890724754637,1.70323049710453,0.101321238403239,0.529750134602013,-5.50402276611943,-0.0729751766204867,9.27890724754637,-0.297459586758527,0.768651302297692,0.891931250632928,-6.50286011333145,0.475002036198751,9.27890724754637,1.92472124374754,0.0660842656340321,0.310898538081419,-4.96554456520097
0.164585974882692,2.49876214507716,0.565676125326976,0.576815944622547,0.86692955649633,-6.34410404938002,0.380930066947063,2.49876214507716,1.34884732730624,0.189859323678649,0.999960381110809,-5.42435800307726,0.455334110476701,2.49876214507716,1.62864883463851,0.116322911808965,0.629871032793253,-5.24410135445991,0.442777279998829,2.49876214507716,1.58504057211075,0.125924372368815,0.574938653148012,-5.27130243225759,-0.206937882799127,2.49876214507716,-0.671944692845665,0.507976440112611,0.731603301984731,-5.80812643410977,0.830892151781868,2.49876214507716,3.11147324889592,0.00472102120785002,0.12327119016337,-2.25984991361355
0.194509267892538,6.23781920898248,0.976325561345899,0.338551590595591,0.734241199072359,-6.49619092209194,0.127709708069868,6.23781920898248,0.640191756576162,0.528056499719648,0.999960381110809,-6.53688615656983,0.364631789538648,6.23781920898248,1.83656259826661,0.0785747418221082,0.581429084979989,-5.33375034826107,0.351004864738956,6.23781920898248,1.76817300820353,0.0896241508171751,0.505632067022014,-5.40635466407059,0.150281663023935,6.23781920898248,0.753576740822566,0.458364743505351,0.696509286633549,-6.25771448764893,0.506365062330668,6.23781920898248,2.55778584944713,0.0172027461406573,0.195914401331833,-3.77376939302975
0.198660834451593,8.64657706904443,1.18429657122966,0.247784392466279,0.658092628910828,-6.28456869321856,0.262334366363177,8.64657706904443,1.56293404113244,0.131037031387652,0.999960381110809,-5.56104016859154,0.281517719468786,8.64657706904443,1.67689898239024,0.106419659336999,0.622490932251932,-5.59546362018731,0.32316747699044,8.64657706904443,1.92390460312493,0.0661915019328681,0.453266255486439,-5.15134213208777,0.197082274425128,8.64657706904443,1.17493063148136,0.251441065894087,0.526077889206558,-5.86975833922046,0.153427137517058,8.64657706904443,0.914716563875418,0.369354922886147,0.665489101699031,-6.32369774769018
0.226140082598254,8.59006261316161,0.995410223573761,0.329375152584371,0.728898158529469,-6.48897278835719,0.248033889703775,8.59006261316161,1.09152624240363,0.285777653637832,0.999960381110809,-6.1608083809666,0.487402996513181,8.59006261316161,2.14035070462813,0.0425943742053286,0.508460909034859,-4.80442019763943,0.411499143958958,8.59006261316161,1.80791533822969,0.0830513533146292,0.495334985835829,-5.34762171447091,0.298999233702189,8.59006261316161,1.31531909648662,0.200715583211642,0.477023641997513,-5.70356824950839,0.530179233465713,8.59006261316161,2.32671297591841,0.0286592490658465,0.227598287799971,-4.23928878229163
0.0696504479453228,5.76493385609329,0.465440519474425,0.645772769778952,0.892493607257784,-6.84833003135166,0.151725980381084,5.76493385609329,1.01641795106297,0.319473762592219,0.999960381110809,-6.2110928645907,0.220641317638535,5.76493385609329,1.48101166399966,0.151492453232225,0.657767022828271,-5.86154825018292,0.151420261414313,5.76493385609329,1.01503308486622,0.320120042628351,0.759868793947625,-6.3822548049657,0.276453515501724,5.76493385609329,1.85783173021127,0.0753874546997346,0.333112155412357,-4.8888967677434,0.242380000277406,5.76493385609329,1.6290584033685,0.116235712993086,0.396352326825088,-5.43154250401812
0.0909670659167103,7.3759546107354,0.410451199646953,0.685082271033714,0.907758993885208,-6.9151124015092,0.204312166153552,7.3759546107354,0.921880829774053,0.365680386752568,0.999960381110809,-6.34067267000167,0.255726849073651,7.3759546107354,1.15379020866905,0.259841498462094,0.740163257914546,-6.31318567627132,0.317063474723912,7.3759546107354,1.43017928263673,0.165436304443702,0.618386268642056,-5.92841995123837,-0.0348562537544108,7.3759546107354,-0.157212649789117,0.876380096646171,0.945049487612881,-6.55474947694026,0.515197469550023,7.3759546107354,2.32116972063149,0.0290050494437807,0.228345252476846,-4.26206657692277
0.130749085154395,7.48023982002078,0.636858761025568,0.530188922893924,0.845578324107885,-6.79418198510964,0.217408275493774,7.48023982002078,1.05867136353885,0.300190864820406,0.999960381110809,-6.2067526878266,0.324752238406658,7.48023982002078,1.58051101620878,0.12695827952699,0.637634216612596,-5.75457175482544,0.220382780604917,7.48023982002078,1.0730099856906,0.293838377596057,0.7381768611242,-6.36084398180024,0.131510860576754,7.48023982002078,0.640570858837423,0.527814247740315,0.745435859991115,-6.36011137451799,0.13646717077034,7.48023982002078,0.664666917792557,0.512540902029549,0.76374007271562,-6.53448216765155
-0.0776838103697637,7.12638390408352,-0.352285218834938,0.727670390690582,0.920207714125528,-6.93422605866871,0.208365484208183,7.12638390408352,0.94716115579073,0.352908669269162,0.999960381110809,-6.31596046784114,0.375449483077471,7.12638390408352,1.70755503403812,0.100503976384404,0.617338569964194,-5.56073624643995,0.129952101454945,7.12638390408352,0.590528609165384,0.560304977003673,0.878004794764436,-6.76109281748676,0.200287209421497,7.12638390408352,0.910367668314116,0.371597323683397,0.631554660868999,-6.15047875854254,0.580338455221038,7.12638390408352,2.63820311836554,0.0143386391103815,0.183382815399668,-3.62057140652993
0.231106030096134,10.8657327067137,1.46888223332825,0.154730280720015,0.54570513816934,-5.88288251583681,0.286826527193536,10.8657327067137,1.82146349531355,0.0809075490879463,0.999960381110809,-5.12223898488295,0.338348151298611,10.8657327067137,2.14697435749068,0.0420093998262139,0.506239795678422,-4.75317963965967,0.28932885787275,10.8657327067137,1.83665449592637,0.0785607235449952,0.483818873223007,-5.26081295695646,0.158465948693889,10.8657327067137,1.00825817160603,0.323294802700627,0.590924835573917,-6.00932401005387,0.289406525048161,10.8657327067137,1.83697808794434,0.0785113792974973,0.334507732433459,-5.08633871447423
0.154500617074195,9.1540995902182,0.786208855817495,0.439367601126022,0.799874839393462,-6.66773528953442,0.252213188833988,9.1540995902182,1.2821847228565,0.211911299909427,0.999960381110809,-5.93332223467221,0.333850220634304,9.1540995902182,1.69579475246459,0.102739612071221,0.621095999264167,-5.55968289224161,0.376317280884352,9.1540995902182,1.91030770936774,0.0679994702554832,0.45743856213723,-5.16828923631593,0.415045764483901,9.1540995902182,2.10676031322768,0.0456750248086045,0.288809992382394,-4.47116201614571,0.565482531780411,9.1540995902182,2.86476772780072,0.00848973828965656,0.150810578498052,-3.11513799090946
0.0373608634950067,6.79272445464294,0.137193649864146,0.892011489034432,0.97151239771483,-6.98299659968092,0.263129797778363,6.79272445464294,0.969119173456088,0.342061588805471,0.999960381110809,-6.29037071057333,0.248617264012204,6.79272445464294,0.915557314072479,0.368922444235447,0.806061248649827,-6.55053142114848,0.318893724169662,6.79272445464294,1.17550774980853,0.251214595149302,0.703991845604475,-6.24301560418533,0.0774424565445493,6.79272445464294,0.284526303324064,0.778424867793003,0.897061977926866,-6.51801540711292,0.569373404117436,6.79272445464294,2.10235265228863,0.0460937340433556,0.270904688054848,-4.6725503943159
0.138935448013685,9.04664578852997,0.502930745841751,0.619554427394588,0.883303459567566,-6.8545252788419,0.0926665694329341,9.04664578852997,0.335566208789486,0.740086504312389,0.999960381110809,-6.69519851249499,0.357906045357106,9.04664578852997,1.29281195811612,0.208269333608767,0.704310515691765,-6.1287814597559,0.382461287088327,9.04664578852997,1.38088569431674,0.179920286061785,0.63752777786037,-5.97519945044533,0.425713101162614,9.04664578852997,1.53687764200935,0.137281541891313,0.408697807080601,-5.39921722751286,0.653508488348189,9.04664578852997,2.35285151724314,0.027078948523621,0.224212719054043,-4.18064271086076
0.181521132525468,8.91696457558949,1.29970868152227,0.20593174207495,0.61354224139886,-6.14199678539315,0.164669533738275,8.91696457558949,1.17917309573164,0.249779783422802,0.999960381110809,-6.05876208177053,0.230916998305334,8.91696457558949,1.65251422139366,0.111332225054548,0.627371488379119,-5.62981664749494,0.176023298422164,8.91696457558949,1.26007183607471,0.219645883645842,0.677655452757225,-6.13123133371994,0.317281296655979,8.91696457558949,2.26895502177731,0.0324543703802058,0.264691141363668,-4.17295993609038,0.386254266629807,8.91696457558949,2.7593657987378,0.0108548023490752,0.167092899483371,-3.34725618508195
-0.0414302512527716,10.4544831082773,-0.216302287616993,0.830563004841188,0.954069086463478,-6.93546180283975,0.158974126721711,10.4544831082773,0.827750901520655,0.415890937454068,0.999960381110809,-6.37843103951614,0.232932318916633,10.4544831082773,1.21158461310374,0.237356320590073,0.72498936677922,-6.2012736294064,0.199120740848574,10.4544831082773,1.03589099220557,0.310482280355392,0.751789803168223,-6.35455052585223,0.0021463120556362,10.4544831082773,0.0111997066555408,0.991155828082793,0.995815254028845,-6.5254369518702,0.434429077830758,10.4544831082773,2.25254297172008,0.0336133292391809,0.240404780429634,-4.35044894536311
0.0887420518334316,7.97588779963128,0.487791804653513,0.630082478299932,0.886595432782258,-6.87681472309053,0.258763091645397,7.97588779963128,1.42034112466751,0.168250186605498,0.999960381110809,-5.77052130890711,0.328277007915454,7.97588779963128,1.80080521663372,0.0841958721790591,0.592838474020478,-5.40721710938686,0.281483176145666,7.97588779963128,1.54444392379527,0.135443599623937,0.586482545600417,-5.76378552678461,0.436311270557272,7.97588779963128,2.39148052213862,0.0248894081079868,0.247582318982458,-3.947133480492,0.557602860238913,7.97588779963128,3.05217730550898,0.00544361432122446,0.128253102324101,-2.71333083796835
-0.111065350452767,8.7136659559566,-0.412703006468547,0.683453641672235,0.907586967692123,-6.90346629815034,0.33765305619867,8.7136659559566,1.24974462328628,0.223331089637897,0.999960381110809,-5.97807824552133,0.42115045178803,8.7136659559566,1.55757454475242,0.13230198561861,0.640701351881125,-5.77395184245029,0.549940705547101,8.7136659559566,2.03106225187128,0.0533589590716104,0.418112385158789,-4.96158093750313,0.235440429260143,8.7136659559566,0.872279622728105,0.391618640333355,0.646382021574634,-6.17208520968609,0.559570403321958,8.7136659559566,2.06631656617647,0.0496477796245643,0.278520445735973,-4.72541203881831
0.206435661361379,6.45782913970433,0.940007004518353,0.356492205353101,0.745946193147918,-6.53800513226421,0.179091502812671,6.45782913970433,0.81517841403915,0.422911739195069,0.999960381110809,-6.41702871949846,0.316814537186109,6.45782913970433,1.4454655871391,0.161138969542174,0.665878346509474,-5.93427378494812,0.336031492530627,6.45782913970433,1.53415515235425,0.137947848708319,0.587713542636868,-5.77018734378819,0.39194648034999,6.45782913970433,1.79004125573628,0.0859543493037922,0.350473926384848,-5.02130697329142,0.241311109267084,6.45782913970433,1.10010476468189,0.282097452026662,0.588754876397949,-6.13850206906833
0.0428974475242487,7.31538247950105,0.214622095908337,0.831858190106676,0.954670781639735,-6.97662110099565,0.1291328300712,7.31538247950105,0.646430317615739,0.524077638004263,0.999960381110809,-6.5560828022625,0.461976931883615,7.31538247950105,2.31325924904728,0.029505130513684,0.44806485031909,-4.48778472170691,0.315105083430907,7.31538247950105,1.57807952746866,0.12751617591261,0.577138768152586,-5.71858848942568,0.647489185493233,7.31538247950105,3.23940579914678,0.00346289593786739,0.192941780541791,-2.13263637416392,0.582135181314638,7.31538247950105,2.91286230976231,0.00758128600611101,0.146054297714748,-3.02891724948483
0.00474082651918817,5.6841276675076,0.0244717972544818,0.980676725938084,0.995224148284418,-6.94972946100209,0.0636321524883385,5.6841276675076,0.329193383505557,0.744838415449209,0.999960381110809,-6.66502794409865,0.279155876733364,5.6841276675076,1.45383298088865,0.158824913885511,0.663795385385552,-5.89422468045597,0.346117515398618,5.6841276675076,1.80691351959739,0.0832118015360462,0.495621767099737,-5.32298874549844,0.476398955784705,5.6841276675076,2.49318410826649,0.0198806798738944,0.239436968581769,-3.71661562689464,0.43992743233092,5.6841276675076,2.30243121748553,0.0302024266466737,0.230895248004266,-4.26475202123887
0.0487874121090286,10.9949612283335,0.35349437958691,0.726775317860301,0.919618008493176,-6.88291606331616,0.188977331377576,10.9949612283335,1.36642904995373,0.184353060737901,0.999960381110809,-5.79107588438282,0.243139935295417,10.9949612283335,1.75661413467577,0.0916174923473682,0.60220579660077,-5.42773404561543,0.0367364255128617,10.9949612283335,0.266112890295401,0.792403860313018,0.953394330603711,-6.85009775509077,0.211482219526269,10.9949612283335,1.52883600186538,0.139257309384938,0.410209034805455,-5.37616859435235,0.41375841434469,10.9949612283335,2.9806505332021,0.00645671131966701,0.137186236270059,-2.82741923629574
0.24585128514769,9.59903889625767,0.865648879056801,0.395174079993383,0.770348376448069,-6.59126972522139,0.339734960449102,9.59903889625767,1.19486196168695,0.243707076995029,0.999960381110809,-6.02716474229582,0.10847960167613,9.59903889625767,0.382510849033293,0.70541757868182,0.935325222888821,-6.8786102033109,0.461191290304674,9.59903889625767,1.61923875384637,0.118341442397711,0.561067516299045,-5.62603964001876,-0.120048824517946,9.59903889625767,-0.424375802546296,0.675036464390685,0.834739440180232,-6.45079791818229,-0.161536533699524,9.59903889625767,-0.571054415511998,0.573222225048689,0.80214196960025,-6.56751017833933
0.131269933191565,4.83653316012198,0.895292859686163,0.379439579073727,0.760745873361352,-6.49794500247049,0.0916956771221127,4.83653316012198,0.624310855404135,0.53825848016413,0.999960381110809,-6.4731267325221,0.168891581846804,4.83653316012198,1.15452503963804,0.259546078716028,0.740163257914546,-6.21852958926911,0.179190300080643,4.83653316012198,1.22682812413945,0.231676293755924,0.688824733778545,-6.09622082276491,-0.0489875292873716,4.83653316012198,-0.330860234608475,0.743594518045898,0.876097213681478,-6.40650758538673,0.294671285871266,4.83653316012198,2.02892555176346,0.0535916067288297,0.286185447905914,-4.72602886492472
0.0427429853065604,5.86965362137645,0.266942933619275,0.791772144087289,0.942487064462329,-6.92840480129065,0.152116912570684,5.86965362137645,0.952926814240536,0.350038315939978,0.999960381110809,-6.27875428285233,0.186189136396385,5.86965362137645,1.16741695006232,0.25440338173533,0.737363456154867,-6.26544034206836,0.00969617996762739,5.86965362137645,0.0605493289483718,0.952214836502894,0.987268054883848,-6.90267295611438,0.080743062085368,5.86965362137645,0.504756672382887,0.618290151244888,0.801988802841631,-6.40324800495204,0.382607030175884,5.86965362137645,2.41110806411717,0.0238403925710889,0.216924368754981,-4.06099571776691
0.0284032867158883,7.05711289634404,0.159223229633153,0.874812898304183,0.966930645610771,-6.98653680068189,0.15769470684029,7.05711289634404,0.884840644274277,0.384940125349743,0.999960381110809,-6.37269042891533,0.262265884125211,7.05711289634404,1.47214909014474,0.153852776546678,0.661258630694266,-5.91008228105459,0.0166099886907238,7.05711289634404,0.0931238717254687,0.926570958903729,0.983244909227219,-6.93477306143238,-0.135004221729632,7.05711289634404,-0.755545175377471,0.457205080293258,0.695533779677209,-6.27598290390047,0.321727175888434,7.05711289634404,1.80632844851107,0.0833056280944232,0.343782443808218,-5.18744192188832
0.354917565116837,10.5907097938485,1.83158989976306,0.0793365199049793,0.411667000632441,-5.33357507689369,0.316310375253503,10.5907097938485,1.63310277986383,0.11537757615254,0.999960381110809,-5.42487764150103,0.231776468929393,10.5907097938485,1.19799400414908,0.242508059204442,0.72847955761517,-6.21664756282369,0.366195967572393,10.5907097938485,1.88873017890091,0.0709571998971871,0.466404787926648,-5.17886640621965,0.0487471954260332,10.5907097938485,0.252614041640149,0.802697390435209,0.910095270338187,-6.49186408932671,0.502475488484013,10.5907097938485,2.58642097622966,0.0161266493202525,0.191495008681929,-3.68425174270337
0.0154794493367554,7.35451566909243,0.0833439342899265,0.934262869708298,0.982259714660084,-6.99790362384468,0.104898310608817,7.35451566909243,0.564947360599686,0.577303765205332,0.999960381110809,-6.60685975369366,0.293038536490243,7.35451566909243,1.57808600036585,0.127514688043503,0.637634216612596,-5.75876540229548,0.335338810261436,7.35451566909243,1.80550386348774,0.0834380195638858,0.495896689142038,-5.36420916768356,0.220363143692101,7.35451566909243,1.18683700526771,0.246799401869241,0.522124271969213,-5.86908017208409,0.375786877092548,7.35451566909243,2.02280730996668,0.0542627561438807,0.287145365049386,-4.81849167726559
0.188544923240585,10.3429020275815,0.870031447232597,0.392821805784987,0.769082953536794,-6.57562745151766,0.229773245025546,10.3429020275815,1.05962935590682,0.299763430807839,0.999960381110809,-6.16462620971984,0.320049119233248,10.3429020275815,1.47414332377543,0.153319088079382,0.660953495520583,-5.86563484302177,0.287370160661563,10.3429020275815,1.32382641595946,0.197916344917907,0.653653743690442,-6.02627536584119,-0.0853484329388277,10.3429020275815,-0.395212968138212,0.696143964715973,0.846757636358992,-6.45070070401938,0.536475792550153,10.3429020275815,2.46278458905336,0.0212703133832371,0.207669383685286,-3.94033744947967
0.347326751354685,5.1278070081923,1.53846100406921,0.136895241666642,0.521064999901592,-5.75560030507679,0.443884489465082,5.1278070081923,1.97430112535882,0.0598524847345596,0.999960381110809,-4.8408991147617,0.279280828026224,5.1278070081923,1.23375580392912,0.22912905601682,0.718897359907694,-6.13657467180292,0.483781007936794,5.1278070081923,2.15723348479702,0.0411176043235168,0.376298579114402,-4.67529944493629,0.371032307914184,5.1278070081923,1.64493200428057,0.112897987946184,0.381345454113428,-5.18385475650311,0.626904270244715,5.1278070081923,2.81052873692084,0.00963806494223445,0.158580023953718,-3.19212527984695
0.046969085464557,8.73642883032487,0.207331378699473,0.837483858102683,0.956776425580244,-6.9665357144802,0.20467499227469,8.73642883032487,0.902188596798236,0.375838918883829,0.999960381110809,-6.3442205775012,0.242502210515383,8.73642883032487,1.06854132921251,0.295807785768645,0.763701596420863,-6.39154239294455,0.422636455601619,8.73642883032487,1.85885738365392,0.0752366295960119,0.476386707850877,-5.25994221487673,0.26154940721025,8.73642883032487,1.15238417487294,0.260407447331903,0.534307699008125,-5.89362395277275,0.394670413529106,8.73642883032487,1.73620944940022,0.0952287291057766,0.363434642881894,-5.28513994013528
0.135880315208569,9.80967678179386,0.680146348505696,0.502859824478146,0.829707292136796,-6.73562629306701,0.202143331376268,9.80967678179386,1.01100728805877,0.322003931303564,0.999960381110809,-6.2255667718025,0.372957043753637,9.80967678179386,1.86154272673615,0.0748429818984967,0.577108350247026,-5.27960352829348,0.354485476868502,9.80967678179386,1.76928750837546,0.0894339295344429,0.504950776194273,-5.39197184019296,0.355766243526254,9.80967678179386,1.77632898133709,0.0882400710667487,0.353373643651986,-5.02550104812193,0.526335916140013,9.80967678179386,2.6213221691816,0.0149000707738348,0.185873586743468,-3.62589876772652
0.197703681074101,10.2341805514311,1.04567426718052,0.306032554426975,0.707160294392044,-6.41087663413049,0.175752319017091,10.2341805514311,0.92976751567849,0.361663460826491,0.999960381110809,-6.29517344622381,0.248678978455015,10.2341805514311,1.31430030665901,0.20105285363519,0.699607836143372,-6.08175719659882,0.24770796575099,10.2341805514311,1.30882826316728,0.20287189608089,0.659140904481012,-6.04833326484367,0.18176264484571,10.2341805514311,0.961587685713511,0.345756284996993,0.610339713481935,-6.06692406759188,0.580135834970104,10.2341805514311,3.05146602677014,0.00545289471140902,0.128253102324101,-2.68244184389459
0.137979594182964,9.51149375007364,0.625520868602209,0.53747747529393,0.849408454594028,-6.77628243242368,0.192153603346224,9.51149375007364,0.870573247991115,0.392531630429856,0.999960381110809,-6.36099046737926,0.284513580071593,9.51149375007364,1.28769721201941,0.210016101349618,0.706355936337422,-6.12795415658277,0.331410574858811,9.51149375007364,1.49883689026061,0.146833947399884,0.597381054218952,-5.80657943119753,0.155497831547887,9.51149375007364,0.704831183749102,0.487636303864727,0.717094912298711,-6.2919396923327,0.605641891858124,9.51149375007364,2.73020795729783,0.0116116768858395,0.170109551630159,-3.39947332137431
-0.0935359151699915,7.46740992549589,-0.526914651735915,0.603044468080419,0.87739383713655,-6.85924597579814,0.10149371257244,7.46740992549589,0.571412196282493,0.572983560427413,0.999960381110809,-6.60259820822197,-0.0598899098469525,7.46740992549589,-0.337359085209177,0.738751530800856,0.943256177031013,-6.92343413626783,-0.016032787443109,7.46740992549589,-0.090304941330078,0.928787330548367,0.983478298367317,-6.93695693140536,-0.176583358686222,7.46740992549589,-0.994762981198194,0.329683533705054,0.596376748236936,-6.07276388854889,0.0770445633355754,7.46740992549589,0.433749857780552,0.668307970781619,0.854298049167984,-6.66248468874596
0.105784599153377,7.46628917965713,0.580735478711603,0.566782014273853,0.862137399938832,-6.82903041926811,0.163074691541542,7.46628917965713,0.895174979413294,0.37950132658289,0.999960381110809,-6.36486356256332,0.336755224156787,7.46628917965713,1.84737637653325,0.0769399611822884,0.577997371966353,-5.33425809741284,0.156326235552019,7.46628917965713,0.858111303229273,0.399240872740288,0.808886063655837,-6.56722844168234,0.136538248258316,7.46628917965713,0.749539914025424,0.460748435199935,0.698233264729995,-6.28437910802066,0.553520436564855,7.46628917965713,3.03145105232514,0.00572034310015676,0.131204401630628,-2.76403350361073
0.118789610469852,9.14559076101705,0.483376460426189,0.633168273817711,0.888322471971572,-6.86337382337059,0.2460785110234,9.14559076101705,1.00008845443387,0.327152099048893,0.999960381110809,-6.24702741477591,0.423314520758952,9.14559076101705,1.717350917458,0.0986733547732976,0.615390244523572,-5.5252538241298,0.517889551145263,9.14559076101705,2.09852131707863,0.0464604811368367,0.398354083989173,-4.834073832002,0.296549505838399,9.14559076101705,1.20470978556886,0.239951976976431,0.516219482349387,-5.82928872838997,0.575634502303672,9.14559076101705,2.33095230982305,0.0283973395962919,0.227188055140075,-4.22301089669783
-0.0197886095579634,7.32427420511361,-0.131677765182815,0.896326576930482,0.972693708372961,-6.99260178154644,0.124146892157604,7.32427420511361,0.826395006510446,0.416644568601644,0.999960381110809,-6.4238876586367,0.167284450640909,7.32427420511361,1.11349924913149,0.276419719003547,0.750725007684397,-6.3580658448802,0.0139109563250885,7.32427420511361,0.0925837602928627,0.926995572808552,0.983274657933446,-6.93681483473775,0.166436150679836,7.32427420511361,1.10786934363687,0.278795993940722,0.552069125870391,-5.95681560630363,0.389700528125702,7.32427420511361,2.59188224903859,0.0159286864425515,0.191371175408976,-3.71772014213199
0.721790450383683,3.35880346300748,2.2588027248346,0.0331669218167285,0.268531963655998,-4.36902197501363,0.558954381229882,3.35880346300748,1.7248637904607,0.0972886106058962,0.999960381110809,-5.07280642189964,0.666644980589981,3.35880346300748,2.07808904604775,0.0484607219386179,0.524775166289849,-4.68315341555391,0.277142311463,3.35880346300748,0.833181097514887,0.412881318250619,0.817056464790225,-6.29358052750215,-0.417420792764522,3.35880346300748,-1.1468457262345,0.262645569889543,0.536853455303057,-5.54934809200636,0.0880099878801213,3.35880346300748,0.259272467330639,0.7976153398572,0.918066091347073,-6.40975286562932
0.399187334071485,3.73329743806559,2.06002741196468,0.0502924962115368,0.330383346134872,-4.75948323196877,0.351595287133282,3.73329743806559,1.80729914852384,0.0831500088233798,0.999960381110809,-4.97231704784917,0.432284404141424,3.73329743806559,2.23927384943997,0.034577700404341,0.474826014303441,-4.41302487398455,0.263669778334857,3.73329743806559,1.34737737235118,0.190325460181572,0.646412657749085,-5.79953929535377,0.246659188242435,3.73329743806559,1.25437880244081,0.221671633629502,0.498852992889361,-5.55404292043827,0.677415483727441,3.73329743806559,3.58782883469178,0.00146605856265635,0.0789119595966099,-1.30946605321713
0.117468866398538,8.063583622992,0.417633420384386,0.679893169334501,0.906503433939294,-6.90566538462459,0.191133289728101,8.063583622992,0.679078637738465,0.503524274719241,0.999960381110809,-6.52811780751833,-0.0117261477431967,8.063583622992,-0.0417319639930602,0.967054389193657,0.993299981493492,-6.97581392808404,0.229238849344054,8.063583622992,0.814037721371185,0.423552363185495,0.823366304731781,-6.59656934163762,-0.278582172743875,8.063583622992,-0.993594216884573,0.330240899321336,0.596716522421606,-6.0707469809924,0.32656102304366,8.063583622992,1.15862097674446,0.257903941724567,0.564115364780615,-6.08010697810216
0.284497434886569,8.98248837581183,1.16817450749343,0.254103545054109,0.663173990252499,-6.2985230755439,0.253617796192611,8.98248837581183,1.04162984735169,0.307866602162862,0.999960381110809,-6.20704253903192,0.35374365991013,8.98248837581183,1.45144942779526,0.159481362469529,0.664004585391589,-5.92119721032941,0.33704552624328,8.98248837581183,1.38287560289084,0.179316773198216,0.636855001194935,-5.97366222464743,0.00542024979427325,8.98248837581183,0.0223131793479545,0.982380892116471,0.992219644860392,-6.55213684816163,0.668344305605704,8.98248837581183,2.7328767780047,0.011540384022189,0.170109551630159,-3.40137269672219
0.179248246711527,7.86889224611078,0.581026364315201,0.566589077953139,0.86213045753054,-6.82529847928359,0.16341528011402,7.86889224611078,0.52974925753197,0.601107161995181,0.999960381110809,-6.62317298299171,0.121414315177825,7.86889224611078,0.39371615059897,0.697234295029627,0.93428281663018,-6.89934591128977,0.391293810664886,7.86889224611078,1.26579259234819,0.21762452400205,0.675228531953482,-6.13587187350694,-0.135450353466712,7.86889224611078,-0.439993310509046,0.66384217652974,0.827837510855218,-6.46803959863252,0.429117880593526,7.86889224611078,1.38763184516177,0.177880748907749,0.477800550708959,-5.80233680107644
0.358987350516596,6.02190242344141,2.0534579549585,0.0509738973127686,0.332198946029806,-4.97182305800119,0.351473900369371,6.02190242344141,2.01038252665251,0.0556486775780515,0.999960381110809,-4.82759586306342,0.279117120053352,6.02190242344141,1.5941777128275,0.123859955269743,0.635087794180864,-5.70938471142119,0.189104554863314,6.02190242344141,1.07849301774619,0.291434711285137,0.736041142197051,-6.3280073986398,-0.139099293818921,6.02190242344141,-0.786061024366008,0.43945256641225,0.681531037623792,-6.22040819907178,0.107304569026605,6.02190242344141,0.610905753636684,0.546951139923886,0.785769169287647,-6.5399855613207
0.208227382752605,4.47957709221174,1.0510338107626,0.303614009221064,0.705103054658,-6.30887962769,0.313702954066722,4.47957709221174,1.59406147136124,0.123886041208683,0.999960381110809,-5.40455233097693,0.29568248399136,4.47957709221174,1.50117525424126,0.14623155901511,0.653500383507561,-5.74225778883049,0.453142876944372,4.47957709221174,2.32343951007763,0.0288629963045628,0.321513052325087,-4.31571395255654,0.167208374151867,4.47957709221174,0.841607231769136,0.408238470904219,0.658159412669254,-6.07602013621746,0.210330444259785,4.47957709221174,1.06407888280737,0.297783811007264,0.603267073146801,-6.05977805247599
0.0717037244808125,7.71163422252512,0.301004885116933,0.765978886620354,0.932615049175752,-6.95418424478862,0.301459516409495,7.71163422252512,1.26346363104839,0.218445712415365,0.999960381110809,-5.97323595995677,0.244614473894434,7.71163422252512,1.02563529729919,0.315195396853279,0.773389886607419,-6.44852550528819,0.22662491243246,7.71163422252512,0.950184241038467,0.351401699794004,0.779045805841062,-6.48198627926185,-0.0763116783578486,7.71163422252512,-0.320550323048652,0.751299628962866,0.880038486960371,-6.5151023312963,0.433922552034209,7.71163422252512,1.81617139731932,0.0817392019989776,0.340572196860992,-5.16828843267714
0.0541744097940224,8.44437086111088,0.230594810567665,0.819565671971748,0.95221229030279,-6.96451169657137,0.238729103217006,8.44437086111088,1.01451184432233,0.320363526847135,0.999960381110809,-6.24070727904922,0.156076553119004,8.44437086111088,0.663723963187516,0.513133961672553,0.871204276950442,-6.74600001568164,0.343291019132879,8.44437086111088,1.45722754420802,0.157893778874187,0.610609443421649,-5.8793307268468,0.116945524264509,8.44437086111088,0.497529763995109,0.623301075744385,0.806628186446407,-6.43181354028003,0.287607352938714,8.44437086111088,1.22138669402412,0.233691993634998,0.538147004198609,-6.00406005299082
0.0904575417902702,5.88455395550604,0.429822144564959,0.671123792473878,0.901641823728093,-6.87300364642933,0.108170731893292,5.88455395550604,0.514276078853577,0.611718398668205,0.999960381110809,-6.60168860678761,0.166911311419494,5.88455395550604,0.794739902678801,0.434481433949391,0.836651597685085,-6.62867824170978,0.133589276474543,5.88455395550604,0.635888926915769,0.530810287011969,0.866763590329199,-6.70254314204615,-0.150385055934377,5.88455395550604,-0.709594287020938,0.484729522299103,0.715112124925837,-6.27350214028236,0.345773923321263,5.88455395550604,1.65402812329122,0.111021787942594,0.387483103787157,-5.4026168505763
0.715921610439755,8.08727416182104,1.60853681688072,0.120672475569545,0.492503702853103,-5.72315735519252,0.629315442162312,8.08727416182104,1.41494640586779,0.169809303413443,0.999960381110809,-5.77286585828929,0.47835061477066,8.08727416182104,1.07688361144179,0.292138786367937,0.7616425374106,-6.38958464919454,0.490155175997939,8.08727416182104,1.10315045489182,0.280799096102216,0.727684248155048,-6.32081228230119,0.156896342858449,8.08727416182104,0.354202186810944,0.726251552276504,0.865486987227096,-6.49876667778537,-0.82372594086308,8.08727416182104,-1.86484477359498,0.0743613820250852,0.32748301968805,-5.08909796541428
0.151480322433736,9.95468561065056,0.688696194754363,0.497556950454258,0.826855500199914,-6.72623871761109,0.135664661880385,9.95468561065056,0.616867868342151,0.543075845259192,0.999960381110809,-6.54312518932728,0.377079876328919,9.95468561065056,1.70953562769786,0.100131546675194,0.616392204456037,-5.52339767800362,0.311948399791671,9.95468561065056,1.41501768665151,0.169788627905231,0.623898248069516,-5.9145544596211,0.0132478605608615,9.95468561065056,0.0603287937245994,0.952388661429864,0.979653374984976,-6.53471555239857,0.664592505762268,9.95468561065056,3.00075833251958,0.00615501012615805,0.134715003258215,-2.80007207530693
0.156285917440183,9.41588398821901,0.736868767138341,0.468278257013283,0.814150964131361,-6.70126692023608,0.278053191400426,9.41588398821901,1.30926776660142,0.202725325272479,0.999960381110809,-5.8950771897755,0.395465546011476,9.41588398821901,1.85972783979172,0.0751088320812914,0.577108350247026,-5.28897524763059,0.326892954679828,9.41588398821901,1.53804369881624,0.136996966993383,0.587489189396416,-5.75262988234248,0.124466223804315,9.41588398821901,0.587047725225548,0.562602812975163,0.766968301837856,-6.37045683625494,0.640931216701526,9.41588398821901,3.00479922785878,0.00609602829358238,0.134232695743383,-2.8005314384293
0.101266478462321,9.81909216696784,0.533807561067353,0.598338733306378,0.875455942288073,-6.82493545357488,0.224507899064065,9.81909216696784,1.18170696742573,0.248791454050675,0.999960381110809,-6.04102480639913,0.277440348765579,9.81909216696784,1.45935577194313,0.157312246469749,0.66204603403001,-5.89658041098145,0.224254124510029,9.81909216696784,1.18003827138235,0.249441996869786,0.703051522029693,-6.21110964536664,0.084428148988998,9.81909216696784,0.445145807765278,0.660166242030407,0.825952064079191,-6.43702988755579,0.515242382558405,9.81909216696784,2.70141078835939,0.0124077917880321,0.173971616757652,-3.4561120225678
0.0478740506303819,9.40688675276037,0.204825860774478,0.839419224797754,0.957202575599063,-6.95654725408852,0.1721611735686,9.40688675276037,0.735597756547122,0.469037532753364,0.999960381110809,-6.47022104593519,0.172624031255063,9.40688675276037,0.73755035938694,0.467871385889939,0.850396130643106,-6.67956999190894,0.30586330621497,9.40688675276037,1.30467260706839,0.20426183063659,0.661498487357087,-6.06681613989138,0.145748214456288,9.40688675276037,0.622963614747426,0.539128770310437,0.753018589036192,-6.34709131609777,0.362029134728788,9.40688675276037,1.54319720309076,0.135745046254044,0.421487059451842,-5.56681830886549
0.0483881565642523,9.08573901149948,0.22974876248204,0.820215635525781,0.95224427473208,-6.95620265359554,0.204266021020633,9.08573901149948,0.968393232385481,0.342416538264645,0.999960381110809,-6.27757327138203,0.311006878577725,9.08573901149948,1.47285123139633,0.153664701521162,0.661103939374498,-5.88942665730837,0.232023522208314,9.08573901149948,1.09943043683001,0.28238549734973,0.729060652999616,-6.31282061892149,0.0373160588684165,9.08573901149948,0.177200447580697,0.860824033320104,0.938536783447861,-6.53368757311152,0.549223386245977,9.08573901149948,2.59390929454068,0.0158557883236285,0.190913149716068,-3.69286416560165
0.313720448308121,6.9407408863297,1.32336667281765,0.198066838590776,0.604164866089372,-6.12686856756293,0.256487076628115,6.9407408863297,1.08155064388154,0.290100417692946,0.999960381110809,-6.18059642546047,-0.0398371225223908,6.9407408863297,-0.167531273875179,0.868342582332111,0.971371876773761,-6.9625695038015,0.440577311048601,6.9407408863297,1.85939176962402,0.0751581504652373,0.476386707850877,-5.27367033497616,-0.192588608731747,6.9407408863297,-0.808092933186692,0.426900771656164,0.672601716536467,-6.23172348331096,0.078186845896683,6.9407408863297,0.329323739435558,0.744741111021124,0.891468788935837,-6.7002962747716
0.0794958660762148,9.47752549667347,0.318881917949162,0.752549017360343,0.92882963079641,-6.92397210891312,0.0848278845526966,9.47752549667347,0.340232881529848,0.736613452511378,0.999960381110809,-6.68509407394049,0.237393397357781,9.47752549667347,0.95057460492571,0.351207424696795,0.796311040652953,-6.49722112502495,0.233645783824713,9.47752549667347,0.935391001581637,0.35881726942802,0.785463379514597,-6.47084513106911,-0.0987834394068976,9.47752549667347,-0.39697845531512,0.694858784381897,0.845729629839823,-6.46426374879411,0.499252505985732,9.47752549667347,1.9925549199075,0.0576919689760365,0.29213846171733,-4.84379807140892
0.301767309917297,9.6739647340477,1.11885477829874,0.274172906033949,0.681819788396883,-6.34321124391052,0.213423119280284,9.6739647340477,0.792037670702776,0.436025520394968,0.999960381110809,-6.42417533815777,0.467882408234415,9.6739647340477,1.73128578557683,0.096118051777361,0.610793024259024,-5.49412542952176,0.654096450693951,9.6739647340477,2.41427400713906,0.0236750503825073,0.293825369093919,-4.21854248139344,0.080160249244873,9.6739647340477,0.297936954643295,0.768291295325576,0.891890518009953,-6.49656374059106,0.420889880252641,9.6739647340477,1.55775969462094,0.132258119302533,0.417737753241856,-5.54269244267351
0.162241084173156,4.7062168446369,0.801220073308639,0.430792292758741,0.795137900041103,-6.56332228067207,0.121744708823153,4.7062168446369,0.60008196246268,0.554023461290022,0.999960381110809,-6.47349303703416,0.319993785587013,4.7062168446369,1.59401406305258,0.123896681493212,0.635087794180864,-5.63443692773457,0.491787692971366,4.7062168446369,2.47214445151599,0.0208331545315545,0.280118740288045,-4.04473133673687,0.314277538269646,4.7062168446369,1.56423709792023,0.130730993104662,0.400969372226917,-5.28142511747683,-0.152962843503768,4.7062168446369,-0.742750971810218,0.464773783321547,0.732916383790368,-6.35229328429379
0.275295642800881,9.93731681354289,1.49199665042584,0.148607653442949,0.537002027104317,-5.86809262456973,0.127622145607047,9.93731681354289,0.692841417958923,0.494997389484363,0.999960381110809,-6.49263498271754,0.26924623851615,9.93731681354289,1.45917210404665,0.157362365119993,0.66204603403001,-5.89460481958296,0.0882495638817673,9.93731681354289,0.479179734372507,0.636107585230193,0.902707790987165,-6.7903675524108,0.0556249946482872,9.93731681354289,0.302263271064665,0.765031035431255,0.889526845181409,-6.48921700505238,0.537367138344408,9.93731681354289,2.90137244963791,0.0077895080402249,0.147083285619768,-3.02144466763221
0.0913141037014373,9.79248484192475,0.555751022081696,0.583477294156714,0.870782041074094,-6.81332216823017,0.184281793978297,9.79248484192475,1.12032235959871,0.273559530429969,0.999960381110809,-6.11068595670808,0.249576848931452,9.79248484192475,1.51606942738397,0.142441682166519,0.649563061894558,-5.81766041740777,0.332043453491613,9.79248484192475,2.014545138907,0.0551809071052882,0.424309059767806,-4.97527513060408,0.283736194711734,9.79248484192475,1.72309868203774,0.0976124567368518,0.36477290659724,-5.10952897254688,0.282648616367933,9.79248484192475,1.71573551348544,0.0989732744277947,0.369113635476129,-5.30198082591114
-0.0118668868970468,3.46195816212983,-0.0541969366819707,0.957222697928565,0.988446183606522,-6.73387284023195,0.103745101327733,3.46195816212983,0.480101733429026,0.635461309143797,0.999960381110809,-6.40113912195948,-0.173492964366614,3.46195816212983,-0.778618817997426,0.443742876004228,0.839196558821766,-6.3915162420419,-0.209045783222597,3.46195816212983,-0.936553002338316,0.358231021456558,0.785244560305907,-6.21513922731772,0.398626271041269,3.46195816212983,1.89646867680357,0.0698837964696031,0.326264141680168,-4.65538271990155,-0.258543699166816,3.46195816212983,-1.15251084952162,0.260356421833016,0.566513583583042,-5.81402005271304
-0.0348224864087676,6.86924469706506,-0.114301387681767,0.909940850268006,0.976195191467458,-6.98482740065672,0.203603687230349,6.86924469706506,0.670623039966073,0.50880366426914,0.999960381110809,-6.53412623954547,0.449512162890133,6.86924469706506,1.48410014603937,0.150676832273842,0.656530077404496,-5.88985658002998,0.754148471696796,6.86924469706506,2.49271209566949,0.0199015980021059,0.275963527788028,-4.08799516342452,0.209974120709001,6.86924469706506,0.69159498878945,0.495766238096418,0.722957660676582,-6.31928544350817,0.523875888149455,6.86924469706506,1.73079509912634,0.0962070663952657,0.365087080448228,-5.30581153155507
0.00515927875493816,9.68445366075311,0.0230201551199814,0.981822745450976,0.99554080784134,-6.97379582175013,0.273653943551746,9.68445366075311,1.2173094927861,0.235210972392985,0.999960381110809,-6.00099971150924,0.18812791193443,9.68445366075311,0.837642477742277,0.410418942908296,0.827155525902963,-6.59545777115561,0.333312966927535,9.68445366075311,1.48123533620373,0.151433265020465,0.602588490392091,-5.82725308047897,-0.0319095765466653,9.68445366075311,-0.142438115746513,0.887911880236304,0.950432595969228,-6.53040692957975,0.451770329271138,9.68445366075311,2.00467169088746,0.0562961379338724,0.290198318147931,-4.81994400016209
